Fecha,Hora,Fecha valor,Producto,ISIN,Descripción,Tipo,Variación,,Saldo,,ID Orden
06-01-2026,02:13,05-01-2026,,,Degiro Cash Sweep Transfer,,EUR,"-1,66",EUR,"3,80",
06-01-2026,02:13,05-01-2026,,,"Transferir a su Cuenta de Efectivo en flatexDEGIRO Bank: 1,66 EUR",,,,EUR,"5,46",
04-01-2026,15:00,02-01-2026,,,Flatex Interest Income,,EUR,"0,00",EUR,"3,80",
03-01-2026,13:12,03-01-2026,,,DEGIRO Compensación de fondos del mercado monetario,,EUR,"1,66",EUR,"3,80",
29-12-2025,03:49,29-12-2025,,,Degiro Cash Sweep Transfer,,EUR,"-1,76",EUR,"2,14",
29-12-2025,03:49,29-12-2025,,,"Transferir a su Cuenta de Efectivo en flatexDEGIRO Bank: 1,76 EUR",,,,EUR,"3,90",
27-12-2025,06:45,26-12-2025,,,Ingreso Cambio de Divisa,,EUR,"1,76",EUR,"2,14",
27-12-2025,06:45,26-12-2025,,,Retirada Cambio de Divisa,"1,1801",USD,"-2,08",USD,"0,00",
26-12-2025,07:50,24-12-2025,ISHARES CORE S&P 500 UCITS ETF USD,IE0031442068,Dividendo,,USD,"2,08",USD,"2,08",
25-12-2025,07:43,25-12-2025,,,Degiro Cash Sweep Transfer,,EUR,"-0,38",EUR,"0,38",
25-12-2025,07:43,25-12-2025,,,"Transferir a su Cuenta de Efectivo en flatexDEGIRO Bank: 0,38 EUR",,,,EUR,"0,76",
25-12-2025,06:44,24-12-2025,,,Ingreso Cambio de Divisa,,EUR,"0,38",EUR,"0,38",
25-12-2025,06:44,24-12-2025,,,Retirada Cambio de Divisa,"1,1808",USD,"-0,45",USD,"0,00",
24-12-2025,07:47,23-12-2025,META PLATFORMS INC CLASS A,US30303M1027,Retención del dividendo,,USD,"-0,08",USD,"0,45",
24-12-2025,07:44,23-12-2025,META PLATFORMS INC CLASS A,US30303M1027,Dividendo,,USD,"0,53",USD,"0,53",
20-12-2025,11:28,20-12-2025,,,Retirada SEPA inmediata,,EUR,"-3454,08",EUR,"0,00",
19-12-2025,17:22,19-12-2025,,,Degiro Cash Sweep Transfer,,EUR,"-1135,31",EUR,"3454,08",
19-12-2025,17:22,19-12-2025,,,"Transferir a su Cuenta de Efectivo en flatexDEGIRO Bank: 1.135,31 EUR",,,,EUR,"4589,39",
19-12-2025,15:30,19-12-2025,APPLE INC,US0378331005,Retirada Cambio de Divisa,"1,1761",USD,"-544,80",USD,"0,00",6912db09-39d3-4c63-88fc-1c76f56360cd
19-12-2025,15:30,19-12-2025,APPLE INC,US0378331005,Ingreso Cambio de Divisa,,EUR,"463,21",EUR,"3454,08",6912db09-39d3-4c63-88fc-1c76f56360cd
19-12-2025,15:30,19-12-2025,APPLE INC,US0378331005,Costes de transacción y/o externos de DEGIRO,,EUR,"-2,00",EUR,"2990,87",6912db09-39d3-4c63-88fc-1c76f56360cd
19-12-2025,15:30,19-12-2025,APPLE INC,US0378331005,"Venta 2 Apple Inc@272,4 USD (US0378331005)",,USD,"544,80",USD,"544,80",6912db09-39d3-4c63-88fc-1c76f56360cd
19-12-2025,15:30,19-12-2025,META PLATFORMS INC CLASS A,US30303M1027,Retirada Cambio de Divisa,"1,1761",USD,"-667,26",USD,"0,00",074c461c-abdb-475e-a7ea-8581e1c87fc2
19-12-2025,15:30,19-12-2025,META PLATFORMS INC CLASS A,US30303M1027,Ingreso Cambio de Divisa,,EUR,"567,33",EUR,"2992,87",074c461c-abdb-475e-a7ea-8581e1c87fc2
19-12-2025,15:30,19-12-2025,META PLATFORMS INC CLASS A,US30303M1027,Costes de transacción y/o externos de DEGIRO,,EUR,"-2,00",EUR,"2425,54",074c461c-abdb-475e-a7ea-8581e1c87fc2
19-12-2025,15:30,19-12-2025,META PLATFORMS INC CLASS A,US30303M1027,"Venta 1 Meta Platforms Inc Class A@667,26 USD (US30303M1027)",,USD,"667,26",USD,"667,26",074c461c-abdb-475e-a7ea-8581e1c87fc2
19-12-2025,15:30,19-12-2025,BEYOND MEAT INC,US08862E1091,Retirada Cambio de Divisa,"1,1761",USD,"-2,08",USD,"0,00",401dc42b-a57e-4eba-8283-e3d8bdee02c6
19-12-2025,15:30,19-12-2025,BEYOND MEAT INC,US08862E1091,Ingreso Cambio de Divisa,,EUR,"1,77",EUR,"2427,54",401dc42b-a57e-4eba-8283-e3d8bdee02c6
19-12-2025,15:30,19-12-2025,BEYOND MEAT INC,US08862E1091,Costes de transacción y/o externos de DEGIRO,,EUR,"-2,00",EUR,"2425,77",401dc42b-a57e-4eba-8283-e3d8bdee02c6
19-12-2025,15:30,19-12-2025,BEYOND MEAT INC,US08862E1091,"Venta 2 Beyond Meat Inc@1,04 USD (US08862E1091)",,USD,"2,08",USD,"2,08",401dc42b-a57e-4eba-8283-e3d8bdee02c6
19-12-2025,15:30,19-12-2025,PINTEREST INC CLASS A,US72352L1061,Retirada Cambio de Divisa,"1,1761",USD,"-130,55",USD,"0,00",998bfbf7-7cc5-4727-957d-5eb74e9cb69f
19-12-2025,15:30,19-12-2025,PINTEREST INC CLASS A,US72352L1061,Ingreso Cambio de Divisa,,EUR,"111,00",EUR,"2427,77",998bfbf7-7cc5-4727-957d-5eb74e9cb69f
19-12-2025,15:30,19-12-2025,PINTEREST INC CLASS A,US72352L1061,Costes de transacción y/o externos de DEGIRO,,EUR,"-2,00",EUR,"2316,77",998bfbf7-7cc5-4727-957d-5eb74e9cb69f
19-12-2025,15:30,19-12-2025,PINTEREST INC CLASS A,US72352L1061,"Venta 5 Pinterest Inc Class A@26,11 USD (US72352L1061)",,USD,"130,55",USD,"130,55",998bfbf7-7cc5-4727-957d-5eb74e9cb69f
19-12-2025,14:31,19-12-2025,,,Degiro Cash Sweep Transfer,,EUR,"-2225,59",EUR,"2318,77",
19-12-2025,14:31,19-12-2025,,,"Transferir a su Cuenta de Efectivo en flatexDEGIRO Bank: 2.225,59 EUR",,,,EUR,"4544,36",
19-12-2025,13:36,19-12-2025,CELLNEX TELECOM SA,ES0105066007,Costes de transacción y/o externos de DEGIRO,,EUR,"-2,00",EUR,"2318,77",5743c1ae-a30f-4e37-8520-bea15da0345f
19-12-2025,13:36,19-12-2025,CELLNEX TELECOM SA,ES0105066007,"Venta 3 Cellnex Telecom SA@26,62 EUR (ES0105066007)",,EUR,"79,86",EUR,"2320,77",5743c1ae-a30f-4e37-8520-bea15da0345f
19-12-2025,13:35,19-12-2025,INTERNATIONAL CONSOLIDATED AIRLINES,ES0177542018,Costes de transacción y/o externos de DEGIRO,,EUR,"-2,00",EUR,"2240,91",99ab1291-2815-4143-8722-99b8f3068e0e
19-12-2025,13:35,19-12-2025,INTERNATIONAL CONSOLIDATED AIRLINES,ES0177542018,"Venta 50 International Consolidated Airlines Group SA@4,761 EUR (ES0177542018)",,EUR,"238,05",EUR,"2242,91",99ab1291-2815-4143-8722-99b8f3068e0e
19-12-2025,13:34,19-12-2025,ISHARES CORE S&P 500 UCITS ETF USD,IE0031442068,Costes de transacción y/o externos de DEGIRO,,EUR,"-3,00",EUR,"2004,86",ba324c7e-5a1e-4242-bbcb-57849a2f819c
19-12-2025,13:34,19-12-2025,ISHARES CORE S&P 500 UCITS ETF USD,IE0031442068,"Venta 13 iShares Core S&P 500 UCITS ETF USD (Dist)@57,677 EUR (IE0031442068)",,EUR,"749,80",EUR,"2007,86",ba324c7e-5a1e-4242-bbcb-57849a2f819c
19-12-2025,13:28,19-12-2025,AIRBUS SE,NL0000235190,Costes de transacción y/o externos de DEGIRO,,EUR,"-2,00",EUR,"1258,06",1fd5ecdb-c839-4ce4-9638-d1e4b754ac34
19-12-2025,13:28,19-12-2025,AIRBUS SE,NL0000235190,"Venta 6 Airbus SE@194,48 EUR (NL0000235190)",,EUR,"1166,88",EUR,"1260,06",1fd5ecdb-c839-4ce4-9638-d1e4b754ac34
02-12-2025,07:47,02-12-2025,,,"Transferir a su Cuenta de Efectivo en flatexDEGIRO Bank: 1,94 EUR",,,,EUR,"93,18",
02-12-2025,07:47,02-12-2025,,,Degiro Cash Sweep Transfer,,EUR,"-1,94",EUR,"91,24",
02-12-2025,06:59,01-12-2025,INTERNATIONAL CONSOLIDATED AIRLINES,ES0177542018,Dividendo,,EUR,"2,40",EUR,"93,18",
02-12-2025,06:59,01-12-2025,INTERNATIONAL CONSOLIDATED AIRLINES,ES0177542018,Retención del dividendo,,EUR,"-0,46",EUR,"90,78",
17-11-2025,04:04,17-11-2025,,,"Transferir a su Cuenta de Efectivo en flatexDEGIRO Bank: 0,38 EUR",,,,EUR,"91,24",
17-11-2025,04:03,17-11-2025,,,Degiro Cash Sweep Transfer,,EUR,"-0,38",EUR,"90,86",
15-11-2025,06:41,14-11-2025,,,Ingreso Cambio de Divisa,,EUR,"0,38",EUR,"91,24",
15-11-2025,06:41,14-11-2025,,,Retirada Cambio de Divisa,"1,1650",USD,"-0,44",USD,"0,00",
14-11-2025,09:45,13-11-2025,APPLE INC,US0378331005,Retención del dividendo,,USD,"-0,08",USD,"0,44",
14-11-2025,09:45,13-11-2025,APPLE INC,US0378331005,Dividendo,,USD,"0,52",USD,"0,52",
05-10-2025,16:40,30-09-2025,,,Flatex Interest Income,,EUR,"0,00",EUR,"90,86",
01-10-2025,07:40,01-10-2025,,,Degiro Cash Sweep Transfer,,EUR,"-0,38",EUR,"90,86",
01-10-2025,07:40,01-10-2025,,,"Transferir a su Cuenta de Efectivo en flatexDEGIRO Bank: 0,38 EUR",,,,EUR,"91,24",
01-10-2025,06:45,30-09-2025,,,Ingreso Cambio de Divisa,,EUR,"0,38",EUR,"90,86",
01-10-2025,06:45,30-09-2025,,,Retirada Cambio de Divisa,"1,1762",USD,"-0,45",USD,"0,00",
30-09-2025,07:18,29-09-2025,META PLATFORMS INC CLASS A,US30303M1027,Retención del dividendo,,USD,"-0,08",USD,"0,45",
30-09-2025,07:18,29-09-2025,META PLATFORMS INC CLASS A,US30303M1027,Dividendo,,USD,"0,53",USD,"0,53",
26-09-2025,07:51,26-09-2025,,,Degiro Cash Sweep Transfer,,EUR,"-1,75",EUR,"90,48",
26-09-2025,07:51,26-09-2025,,,"Transferir a su Cuenta de Efectivo en flatexDEGIRO Bank: 1,75 EUR",,,,EUR,"92,23",
26-09-2025,06:42,25-09-2025,,,Ingreso Cambio de Divisa,,EUR,"1,75",EUR,"90,48",
26-09-2025,06:42,25-09-2025,,,Retirada Cambio de Divisa,"1,1695",USD,"-2,05",USD,"0,00",
25-09-2025,07:40,24-09-2025,ISHARES CORE S&P 500 UCITS ETF USD,IE0031442068,Dividendo,,USD,"2,05",USD,"2,05",
18-08-2025,05:30,18-08-2025,,,"Transferir desde su Cuenta de Efectivo en flatexDEGIRO Bank: 0,38 EUR",,,,EUR,"88,73",
18-08-2025,05:30,18-08-2025,,,Degiro Cash Sweep Transfer,,EUR,"0,38",EUR,"89,11",
18-08-2025,05:21,18-08-2025,,,"Transferir a su Cuenta de Efectivo en flatexDEGIRO Bank: 0,38 EUR",,,,EUR,"88,73",
18-08-2025,05:21,18-08-2025,,,Degiro Cash Sweep Transfer,,EUR,"-0,38",EUR,"88,35",
18-08-2025,04:00,18-08-2025,,,"Transferir a su Cuenta de Efectivo en flatexDEGIRO Bank: 0,38 EUR",,,,EUR,"88,73",
18-08-2025,04:00,18-08-2025,,,Degiro Cash Sweep Transfer,,EUR,"-0,38",EUR,"88,35",
16-08-2025,06:39,15-08-2025,,,Ingreso Cambio de Divisa,,EUR,"0,38",EUR,"88,73",
16-08-2025,06:39,15-08-2025,,,Retirada Cambio de Divisa,"1,1732",USD,"-0,44",USD,"0,00",
15-08-2025,07:37,14-08-2025,APPLE INC,US0378331005,Dividendo,,USD,"0,52",USD,"0,44",
15-08-2025,07:37,14-08-2025,APPLE INC,US0378331005,Retención del dividendo,,USD,"-0,08",USD,"-0,08",
04-07-2025,07:21,30-06-2025,,,Flatex Interest Income,,EUR,"0,00",EUR,"88,35",
01-07-2025,08:31,01-07-2025,,,"Transferir a su Cuenta de Efectivo en flatexDEGIRO Bank: 2,43 EUR",,,,EUR,"88,35",
01-07-2025,08:31,01-07-2025,,,Degiro Cash Sweep Transfer,,EUR,"-2,43",EUR,"85,92",
01-07-2025,07:38,30-06-2025,INTERNATIONAL CONSOLIDATED AIRLINES,ES0177542018,Dividendo,,EUR,"3,00",EUR,"88,35",
01-07-2025,07:37,30-06-2025,INTERNATIONAL CONSOLIDATED AIRLINES,ES0177542018,Retención del dividendo,,EUR,"-0,57",EUR,"85,35",
30-06-2025,03:40,30-06-2025,,,"Transferir a su Cuenta de Efectivo en flatexDEGIRO Bank: 0,38 EUR",,,,EUR,"85,92",
30-06-2025,03:40,30-06-2025,,,Degiro Cash Sweep Transfer,,EUR,"-0,38",EUR,"85,54",
29-06-2025,06:33,27-06-2025,,,Ingreso Cambio de Divisa,,EUR,"0,38",EUR,"85,92",
29-06-2025,06:33,27-06-2025,,,Retirada Cambio de Divisa,"1,1747",USD,"-0,45",USD,"0,00",
27-06-2025,07:42,27-06-2025,,,"Transferir a su Cuenta de Efectivo en flatexDEGIRO Bank: 1,77 EUR",,,,EUR,"85,54",
27-06-2025,07:42,27-06-2025,,,Degiro Cash Sweep Transfer,,EUR,"-1,77",EUR,"83,77",
27-06-2025,07:34,26-06-2025,META PLATFORMS INC CLASS A,US30303M1027,Retención del dividendo,,USD,"-0,08",USD,"0,45",
27-06-2025,07:33,26-06-2025,META PLATFORMS INC CLASS A,US30303M1027,Dividendo,,USD,"0,53",USD,"0,53",
27-06-2025,06:39,26-06-2025,,,Ingreso Cambio de Divisa,,EUR,"1,77",EUR,"85,54",
27-06-2025,06:39,26-06-2025,,,Retirada Cambio de Divisa,"1,1729",USD,"-2,08",USD,"0,00",
26-06-2025,07:27,25-06-2025,ISHARES CORE S&P 500 UCITS ETF USD,IE0031442068,Dividendo,,USD,"2,08",USD,"2,08",
19-06-2025,08:30,19-06-2025,,,"Transferir a su Cuenta de Efectivo en flatexDEGIRO Bank: 0,05 EUR",,,,EUR,"83,77",
19-06-2025,08:30,19-06-2025,,,Degiro Cash Sweep Transfer,,EUR,"-0,05",EUR,"83,72",
19-06-2025,07:26,18-06-2025,CELLNEX TELECOM SA,ES0105066007,Dividendo,,EUR,"0,05",EUR,"83,77",
19-05-2025,03:52,19-05-2025,,,"Transferir a su Cuenta de Efectivo en flatexDEGIRO Bank: 0,39 EUR",,,,EUR,"83,72",
19-05-2025,03:52,19-05-2025,,,Degiro Cash Sweep Transfer,,EUR,"-0,39",EUR,"83,33",
17-05-2025,06:56,16-05-2025,,,Ingreso Cambio de Divisa,,EUR,"0,39",EUR,"83,72",
17-05-2025,06:56,16-05-2025,,,Retirada Cambio de Divisa,"1,1191",USD,"-0,44",USD,"0,00",
16-05-2025,07:08,15-05-2025,APPLE INC,US0378331005,Dividendo,,USD,"0,52",USD,"0,44",
16-05-2025,07:08,15-05-2025,APPLE INC,US0378331005,Retención del dividendo,,USD,"-0,08",USD,"-0,08",
25-04-2025,10:01,25-04-2025,,,"Transferir a su Cuenta de Efectivo en flatexDEGIRO Bank: 15,3 EUR",,,,EUR,"83,33",
25-04-2025,10:01,25-04-2025,,,Degiro Cash Sweep Transfer,,EUR,"-15,30",EUR,"68,03",
25-04-2025,08:21,24-04-2025,AIRBUS SE,NL0000235190,Retención del dividendo,,EUR,"-2,70",EUR,"83,33",
25-04-2025,08:21,24-04-2025,AIRBUS SE,NL0000235190,Dividendo,,EUR,"18,00",EUR,"86,03",
06-04-2025,10:50,31-03-2025,,,Flatex Interest Income,,EUR,"0,00",EUR,"68,03",
04-04-2025,01:39,03-04-2025,,,"Transferir desde su Cuenta de Efectivo en flatexDEGIRO Bank: 149,57 EUR",,,,EUR,"68,03",
04-04-2025,01:39,03-04-2025,,,Degiro Cash Sweep Transfer,,EUR,"149,57",EUR,"217,60",
03-04-2025,17:21,03-04-2025,ISHARES CORE S&P 500 UCITS ETF USD,IE0031442068,Costes de transacción y/o externos de DEGIRO,,EUR,"-3,00",EUR,"68,03",09e0825e-0420-42a3-87ef-82ebcba1b27b
03-04-2025,17:21,03-04-2025,ISHARES CORE S&P 500 UCITS ETF USD,IE0031442068,"Compra 3 iShares Core S&P 500 UCITS ETF USD (Dist)@48,855 EUR (IE0031442068)",,EUR,"-146,56",EUR,"71,03",09e0825e-0420-42a3-87ef-82ebcba1b27b
28-03-2025,09:40,28-03-2025,,,"Transferir desde su Cuenta de Efectivo en flatexDEGIRO Bank: 1,86 EUR",,,,EUR,"217,60",
28-03-2025,09:40,28-03-2025,,,Degiro Cash Sweep Transfer,,EUR,"1,86",EUR,"219,46",
28-03-2025,08:42,28-03-2025,,,"Transferir a su Cuenta de Efectivo en flatexDEGIRO Bank: 1,86 EUR",,,,EUR,"217,60",
28-03-2025,08:42,28-03-2025,,,Degiro Cash Sweep Transfer,,EUR,"-1,86",EUR,"215,74",
28-03-2025,08:01,28-03-2025,,,"Transferir a su Cuenta de Efectivo en flatexDEGIRO Bank: 1,86 EUR",,,,EUR,"217,60",
28-03-2025,08:01,28-03-2025,,,Degiro Cash Sweep Transfer,,EUR,"-1,86",EUR,"215,74",
28-03-2025,06:39,27-03-2025,,,Ingreso Cambio de Divisa,,EUR,"1,86",EUR,"217,60",
28-03-2025,06:39,27-03-2025,,,Retirada Cambio de Divisa,"1,0828",USD,"-2,01",USD,"0,00",
27-03-2025,07:22,26-03-2025,ISHARES CORE S&P 500 UCITS ETF USD,IE0031442068,Dividendo,,USD,"1,56",USD,"2,01",
27-03-2025,07:14,26-03-2025,META PLATFORMS INC CLASS A,US30303M1027,Retención del dividendo,,USD,"-0,08",USD,"0,45",
27-03-2025,07:14,26-03-2025,META PLATFORMS INC CLASS A,US30303M1027,Dividendo,,USD,"0,53",USD,"0,53",
17-02-2025,17:30,17-02-2025,,,"Transferir a su Cuenta de Efectivo en flatexDEGIRO Bank: 0,4 EUR",,,,EUR,"215,74",
17-02-2025,17:30,17-02-2025,,,Degiro Cash Sweep Transfer,,EUR,"-0,40",EUR,"215,34",
15-02-2025,06:54,14-02-2025,,,Ingreso Cambio de Divisa,,EUR,"0,40",EUR,"215,74",
15-02-2025,06:54,14-02-2025,,,Retirada Cambio de Divisa,"1,0518",USD,"-0,42",USD,"0,00",
14-02-2025,07:07,13-02-2025,APPLE INC,US0378331005,Retención del dividendo,,USD,"-0,08",USD,"0,42",
14-02-2025,07:07,13-02-2025,APPLE INC,US0378331005,Dividendo,,USD,"0,50",USD,"0,50",
07-02-2025,08:22,06-02-2025,,,"Transferir desde su Cuenta de Efectivo en flatexDEGIRO Bank: 7,5 EUR",,,,EUR,"215,34",
07-02-2025,08:22,06-02-2025,,,Degiro Cash Sweep Transfer,,EUR,"7,50",EUR,"222,84",
06-02-2025,17:14,31-01-2025,,,Comisión de conectividad con el mercado 2025 (New York Stock Exchange - NSY),,EUR,"-2,50",EUR,"215,34",
06-02-2025,17:14,31-01-2025,,,Comisión de conectividad con el mercado 2025 (Nasdaq - NDQ),,EUR,"-2,50",EUR,"217,84",
06-02-2025,17:14,31-01-2025,,,Comisión de conectividad con el mercado 2025 (Euronext Amsterdam - EAM),,EUR,"-2,50",EUR,"220,34",
05-01-2025,04:41,02-01-2025,,,Flatex Interest Income,,EUR,"0,00",EUR,"222,84",
03-01-2025,03:46,02-01-2025,,,"Transferir a su Cuenta de Efectivo en flatexDEGIRO Bank: 1,91 EUR",,,,EUR,"222,84",
03-01-2025,03:46,02-01-2025,FLATEX EURO BANKACCOUNT,NLFLATEXACNT,Degiro Cash Sweep Transfer,,EUR,"-1,91",EUR,"220,93",
31-12-2024,07:40,30-12-2024,,,Ingreso Cambio de Divisa,,EUR,"1,91",EUR,"222,84",
31-12-2024,07:40,30-12-2024,,,Retirada Cambio de Divisa,"1,0433",USD,"-1,99",USD,"0,00",
30-12-2024,07:26,27-12-2024,ISHARES CORE S&P 500 UCITS ETF USD,IE0031442068,Dividendo,,USD,"1,57",USD,"1,99",
30-12-2024,07:20,27-12-2024,META PLATFORMS INC CLASS A,US30303M1027,Retención del dividendo,,USD,"-0,08",USD,"0,42",
30-12-2024,07:20,27-12-2024,META PLATFORMS INC CLASS A,US30303M1027,Dividendo,,USD,"0,50",USD,"0,50",
22-11-2024,17:45,22-11-2024,FLATEX EURO BANKACCOUNT,NLFLATEXACNT,Degiro Cash Sweep Transfer,,EUR,"-0,14",EUR,"220,93",
22-11-2024,17:45,22-11-2024,,,"Transferir a su Cuenta de Efectivo en flatexDEGIRO Bank: 0,14 EUR",,,,EUR,"221,07",
22-11-2024,07:09,21-11-2024,CELLNEX TELECOM SA,ES0105066007,Dividendo,,EUR,"0,14",EUR,"220,93",
18-11-2024,20:01,18-11-2024,,,"Transferir a su Cuenta de Efectivo en flatexDEGIRO Bank: 0,4 EUR",,,,EUR,"220,79",
18-11-2024,20:01,18-11-2024,FLATEX EURO BANKACCOUNT,NLFLATEXACNT,Degiro Cash Sweep Transfer,,EUR,"-0,40",EUR,"220,39",
16-11-2024,06:50,15-11-2024,,,Ingreso Cambio de Divisa,,EUR,"0,40",EUR,"220,79",
16-11-2024,06:50,15-11-2024,,,Retirada Cambio de Divisa,"1,0566",USD,"-0,42",USD,"0,00",
15-11-2024,07:10,14-11-2024,APPLE INC,US0378331005,Dividendo,,USD,"0,50",USD,"0,42",
15-11-2024,07:10,14-11-2024,APPLE INC,US0378331005,Retención del dividendo,,USD,"-0,08",USD,"-0,08",
05-10-2024,01:01,30-09-2024,,,Flatex Interest Income,,EUR,"0,00",EUR,"220,39",
27-09-2024,22:02,27-09-2024,FLATEX EURO BANKACCOUNT,NLFLATEXACNT,Degiro Cash Sweep Transfer,,EUR,"-1,72",EUR,"220,39",
27-09-2024,22:02,27-09-2024,,,"Transferir a su Cuenta de Efectivo en flatexDEGIRO Bank: 1,72 EUR",,,,EUR,"222,11",
27-09-2024,07:55,26-09-2024,,,Ingreso Cambio de Divisa,,EUR,"1,72",EUR,"220,39",
27-09-2024,07:55,26-09-2024,,,Retirada Cambio de Divisa,"1,1205",USD,"-1,93",USD,"0,00",
27-09-2024,06:14,26-09-2024,META PLATFORMS INC CLASS A,US30303M1027,Retención del dividendo,,USD,"-0,08",USD,"1,93",
27-09-2024,06:14,26-09-2024,META PLATFORMS INC CLASS A,US30303M1027,Dividendo,,USD,"0,50",USD,"2,01",
26-09-2024,07:23,25-09-2024,ISHARES CORE S&P 500 UCITS ETF USD,IE0031442068,Dividendo,,USD,"1,51",USD,"1,51",
10-09-2024,16:45,10-09-2024,,,"Transferir a su Cuenta de Efectivo en flatexDEGIRO Bank: 1,21 EUR",,,,EUR,"218,67",
10-09-2024,16:45,10-09-2024,FLATEX EURO BANKACCOUNT,NLFLATEXACNT,Degiro Cash Sweep Transfer,,EUR,"-1,21",EUR,"217,46",
10-09-2024,07:18,09-09-2024,INTERNATIONAL CONSOLIDATED AIRLINES,ES0177542018,Dividendo,,EUR,"1,50",EUR,"218,67",
10-09-2024,07:18,09-09-2024,INTERNATIONAL CONSOLIDATED AIRLINES,ES0177542018,Retención del dividendo,,EUR,"-0,29",EUR,"217,17",
19-08-2024,19:00,19-08-2024,,,"Transferir a su Cuenta de Efectivo en flatexDEGIRO Bank: 0,38 EUR",,,,EUR,"217,46",
19-08-2024,19:00,19-08-2024,FLATEX EURO BANKACCOUNT,NLFLATEXACNT,Degiro Cash Sweep Transfer,,EUR,"-0,38",EUR,"217,08",
17-08-2024,07:10,16-08-2024,,,Ingreso Cambio de Divisa,,EUR,"0,38",EUR,"217,46",
17-08-2024,07:10,16-08-2024,,,Retirada Cambio de Divisa,"1,1054",USD,"-0,42",USD,"0,00",
16-08-2024,07:50,15-08-2024,APPLE INC,US0378331005,Retención del dividendo,,USD,"-0,08",USD,"0,42",
16-08-2024,07:50,15-08-2024,APPLE INC,US0378331005,Dividendo,,USD,"0,50",USD,"0,50",
06-07-2024,07:01,30-06-2024,,,Flatex Interest Income,,EUR,"0,00",EUR,"217,08",
28-06-2024,20:32,28-06-2024,,,"Transferir a su Cuenta de Efectivo en flatexDEGIRO Bank: 1,74 EUR",,,,EUR,"217,08",
28-06-2024,20:32,28-06-2024,FLATEX EURO BANKACCOUNT,NLFLATEXACNT,Degiro Cash Sweep Transfer,,EUR,"-1,74",EUR,"215,34",
28-06-2024,07:51,27-06-2024,,,Ingreso Cambio de Divisa,,EUR,"1,74",EUR,"217,08",
28-06-2024,07:51,27-06-2024,,,Retirada Cambio de Divisa,"1,0731",USD,"-1,87",USD,"0,00",
27-06-2024,08:37,26-06-2024,ISHARES CORE S&P 500 UCITS ETF USD,IE0031442068,Dividendo,,USD,"1,45",USD,"1,87",
27-06-2024,07:26,26-06-2024,META PLATFORMS INC CLASS A,US30303M1027,Dividendo,,USD,"0,50",USD,"0,42",
27-06-2024,07:26,26-06-2024,META PLATFORMS INC CLASS A,US30303M1027,Retención del dividendo,,USD,"-0,08",USD,"-0,08",
18-06-2024,18:47,18-06-2024,,,"Transferir a su Cuenta de Efectivo en flatexDEGIRO Bank: 0,05 EUR",,,,EUR,"215,34",
18-06-2024,18:47,18-06-2024,FLATEX EURO BANKACCOUNT,NLFLATEXACNT,Degiro Cash Sweep Transfer,,EUR,"-0,05",EUR,"215,29",
18-06-2024,07:39,17-06-2024,CELLNEX TELECOM SA,ES0105066007,Rendimiento de capital,,EUR,"0,05",EUR,"215,34",
20-05-2024,17:15,20-05-2024,,,"Transferir a su Cuenta de Efectivo en flatexDEGIRO Bank: 0,39 EUR",,,,EUR,"215,29",
20-05-2024,17:15,20-05-2024,FLATEX EURO BANKACCOUNT,NLFLATEXACNT,Degiro Cash Sweep Transfer,,EUR,"-0,39",EUR,"214,90",
18-05-2024,07:21,17-05-2024,,,Ingreso Cambio de Divisa,,EUR,"0,39",EUR,"215,29",
18-05-2024,07:21,17-05-2024,,,Retirada Cambio de Divisa,"1,0897",USD,"-0,42",USD,"0,00",
17-05-2024,07:40,16-05-2024,APPLE INC,US0378331005,Dividendo,,USD,"0,50",USD,"0,42",
17-05-2024,07:40,16-05-2024,APPLE INC,US0378331005,Retención del dividendo,,USD,"-0,08",USD,"-0,08",
19-04-2024,16:45,19-04-2024,,,"Transferir a su Cuenta de Efectivo en flatexDEGIRO Bank: 14,28 EUR",,,,EUR,"214,90",
19-04-2024,16:45,19-04-2024,FLATEX EURO BANKACCOUNT,NLFLATEXACNT,Degiro Cash Sweep Transfer,,EUR,"-14,28",EUR,"200,62",
19-04-2024,07:15,18-04-2024,AIRBUS SE,NL0000235190,Dividendo,,EUR,"16,80",EUR,"214,90",
19-04-2024,07:15,18-04-2024,AIRBUS SE,NL0000235190,Retención del dividendo,,EUR,"-2,52",EUR,"198,10",
03-04-2024,21:18,02-04-2024,,,"Transferir a su Cuenta de Efectivo en flatexDEGIRO Bank: 1,4 EUR",,,,EUR,"200,62",
03-04-2024,21:18,02-04-2024,FLATEX EURO BANKACCOUNT,NLFLATEXACNT,Degiro Cash Sweep Transfer,,EUR,"-1,40",EUR,"199,22",
02-04-2024,05:30,31-03-2024,,,Flatex Interest Income,,EUR,"0,00",EUR,"200,62",
29-03-2024,08:11,28-03-2024,,,Ingreso Cambio de Divisa,,EUR,"1,40",EUR,"200,62",
29-03-2024,08:11,28-03-2024,,,Retirada Cambio de Divisa,"1,0816",USD,"-1,51",USD,"0,00",
28-03-2024,19:15,28-03-2024,,,"Transferir a su Cuenta de Efectivo en flatexDEGIRO Bank: 0,39 EUR",,,,EUR,"199,22",
28-03-2024,19:15,28-03-2024,FLATEX EURO BANKACCOUNT,NLFLATEXACNT,Degiro Cash Sweep Transfer,,EUR,"-0,39",EUR,"198,83",
28-03-2024,08:28,27-03-2024,ISHARES CORE S&P 500 UCITS ETF USD,IE0031442068,Dividendo,,USD,"1,51",USD,"1,51",
28-03-2024,07:21,27-03-2024,,,Ingreso Cambio de Divisa,,EUR,"0,39",EUR,"199,22",
28-03-2024,07:21,27-03-2024,,,Retirada Cambio de Divisa,"1,0854",USD,"-0,42",USD,"0,00",
27-03-2024,09:05,26-03-2024,META PLATFORMS INC CLASS A,US30303M1027,Dividendo,,USD,"0,50",USD,"0,42",
27-03-2024,09:05,26-03-2024,META PLATFORMS INC CLASS A,US30303M1027,Retención del dividendo,,USD,"-0,08",USD,"-0,08",
04-03-2024,20:01,04-03-2024,,,"Transferir desde su Cuenta de Efectivo en flatexDEGIRO Bank: 0,02 EUR",,,,EUR,"198,83",
04-03-2024,20:01,04-03-2024,FLATEX EURO BANKACCOUNT,NLFLATEXACNT,Degiro Cash Sweep Transfer,,EUR,"0,02",EUR,"198,85",
03-03-2024,12:44,29-02-2024,,,Interés,,EUR,"-0,02",EUR,"198,83",
19-02-2024,17:45,19-02-2024,,,"Transferir a su Cuenta de Efectivo en flatexDEGIRO Bank: 0,31 EUR",,,,EUR,"198,85",
19-02-2024,17:45,19-02-2024,FLATEX EURO BANKACCOUNT,NLFLATEXACNT,Degiro Cash Sweep Transfer,,EUR,"-0,31",EUR,"198,54",
19-02-2024,10:45,16-02-2024,,,"Transferir a su Cuenta de Efectivo en flatexDEGIRO Bank: 198,54 EUR",,,,EUR,"198,85",
19-02-2024,10:45,16-02-2024,FLATEX EURO BANKACCOUNT,NLFLATEXACNT,Degiro Cash Sweep Transfer,,EUR,"-198,54",EUR,"0,31",
17-02-2024,07:48,16-02-2024,,,Ingreso Cambio de Divisa,,EUR,"0,31",EUR,"198,85",
17-02-2024,07:48,16-02-2024,,,Retirada Cambio de Divisa,"1,0804",USD,"-0,34",USD,"0,00",
16-02-2024,15:30,16-02-2024,WALT DISNEY CO,US2546871060,Retirada Cambio de Divisa,"1,0778",USD,"-224,22",USD,"0,34",11c27efe-a8aa-4a3f-8157-ec25f5dbfecb
16-02-2024,15:30,16-02-2024,WALT DISNEY CO,US2546871060,Ingreso Cambio de Divisa,,EUR,"208,04",EUR,"198,54",11c27efe-a8aa-4a3f-8157-ec25f5dbfecb
16-02-2024,15:30,16-02-2024,WALT DISNEY CO,US2546871060,Costes de transacción y/o externos de DEGIRO,,EUR,"-2,00",EUR,"-9,50",11c27efe-a8aa-4a3f-8157-ec25f5dbfecb
16-02-2024,15:30,16-02-2024,WALT DISNEY CO,US2546871060,"Venta 2 Walt Disney Co@112,11 USD (US2546871060)",,USD,"224,22",USD,"224,56",11c27efe-a8aa-4a3f-8157-ec25f5dbfecb
16-02-2024,07:32,15-02-2024,APPLE INC,US0378331005,Dividendo,,USD,"0,48",USD,"0,34",
16-02-2024,07:32,15-02-2024,APPLE INC,US0378331005,Retención del dividendo,,USD,"-0,14",USD,"-0,14",
05-02-2024,07:18,31-01-2024,,,Comisión de conectividad con el mercado 2024 (New York Stock Exchange - NSY),,EUR,"-2,50",EUR,"-7,50",
05-02-2024,07:18,31-01-2024,,,Comisión de conectividad con el mercado 2024 (Nasdaq - NDQ),,EUR,"-2,50",EUR,"-5,00",
05-02-2024,07:18,31-01-2024,,,Comisión de conectividad con el mercado 2024 (Euronext Amsterdam - EAM),,EUR,"-2,50",EUR,"-2,50",
19-01-2024,13:50,19-01-2024,,,Processed Flatex Withdrawal,,EUR,"295,57",EUR,"0,00",
19-01-2024,13:50,19-01-2024,,,flatex Withdrawal,,EUR,"-295,57",EUR,"-295,57",
17-01-2024,19:00,17-01-2024,,,Processed Flatex Withdrawal,,EUR,"-295,57",EUR,"0,00",
12-01-2024,16:47,12-01-2024,,,"Transferir a su Cuenta de Efectivo en flatexDEGIRO Bank: 0,38 EUR",,,,EUR,"295,57",
12-01-2024,16:47,12-01-2024,FLATEX EURO BANKACCOUNT,NLFLATEXACNT,Degiro Cash Sweep Transfer,,EUR,"-0,38",EUR,"295,19",
12-01-2024,07:49,11-01-2024,,,Ingreso Cambio de Divisa,,EUR,"0,38",EUR,"295,57",
12-01-2024,07:49,11-01-2024,,,Retirada Cambio de Divisa,"1,1000",USD,"-0,42",USD,"0,00",
11-01-2024,07:33,10-01-2024,WALT DISNEY CO,US2546871060,Retención del dividendo,,USD,"-0,18",USD,"0,42",
11-01-2024,07:33,10-01-2024,WALT DISNEY CO,US2546871060,Dividendo,,USD,"0,60",USD,"0,60",
03-01-2024,19:49,03-01-2024,,,"Transferir a su Cuenta de Efectivo en flatexDEGIRO Bank: 1,35 EUR",,,,EUR,"295,19",
03-01-2024,19:49,03-01-2024,FLATEX EURO BANKACCOUNT,NLFLATEXACNT,Degiro Cash Sweep Transfer,,EUR,"-1,35",EUR,"293,84",
03-01-2024,08:36,02-01-2024,,,Ingreso Cambio de Divisa,,EUR,"1,35",EUR,"295,19",
03-01-2024,08:36,02-01-2024,,,Retirada Cambio de Divisa,"1,0969",USD,"-1,48",USD,"0,00",
02-01-2024,06:58,29-12-2023,ISHARES CORE S&P 500 UCITS ETF USD,IE0031442068,Dividendo,,USD,"1,48",USD,"1,48",
02-01-2024,06:10,02-01-2024,,,Flatex Interest Income,,EUR,"0,00",EUR,"293,84",
27-11-2023,16:32,27-11-2023,,,"Transferir a su Cuenta de Efectivo en flatexDEGIRO Bank: 0,12 EUR",,,,EUR,"293,84",
27-11-2023,16:32,27-11-2023,FLATEX EURO BANKACCOUNT,NLFLATEXACNT,Degiro Cash Sweep Transfer,,EUR,"-0,12",EUR,"293,72",
27-11-2023,06:50,23-11-2023,CELLNEX TELECOM SA,ES0105066007,Rendimiento de capital,,EUR,"0,12",EUR,"293,84",
20-11-2023,17:32,20-11-2023,,,"Transferir a su Cuenta de Efectivo en flatexDEGIRO Bank: 0,31 EUR",,,,EUR,"293,72",
20-11-2023,17:32,20-11-2023,FLATEX EURO BANKACCOUNT,NLFLATEXACNT,Degiro Cash Sweep Transfer,,EUR,"-0,31",EUR,"293,41",
18-11-2023,08:25,17-11-2023,,,Ingreso Cambio de Divisa,,EUR,"0,31",EUR,"293,72",
18-11-2023,08:25,17-11-2023,,,Retirada Cambio de Divisa,"1,0942",USD,"-0,34",USD,"0,00",
17-11-2023,06:56,16-11-2023,APPLE INC,US0378331005,Retención del dividendo,,USD,"-0,14",USD,"0,34",
17-11-2023,06:56,16-11-2023,APPLE INC,US0378331005,Dividendo,,USD,"0,48",USD,"0,48",
01-10-2023,15:42,30-09-2023,,,Flatex Interest Income,,EUR,"0,00",EUR,"293,41",
29-09-2023,18:51,29-09-2023,,,"Transferir a su Cuenta de Efectivo en flatexDEGIRO Bank: 1,38 EUR",,,,EUR,"293,41",
29-09-2023,18:51,29-09-2023,FLATEX EURO BANKACCOUNT,NLFLATEXACNT,Degiro Cash Sweep Transfer,,EUR,"-1,38",EUR,"292,03",
29-09-2023,07:44,28-09-2023,,,Ingreso Cambio de Divisa,,EUR,"1,38",EUR,"293,41",
29-09-2023,07:44,28-09-2023,,,Retirada Cambio de Divisa,"1,0592",USD,"-1,46",USD,"0,00",
28-09-2023,07:52,27-09-2023,ISHARES CORE S&P 500 UCITS ETF USD,IE0031442068,Dividendo,,USD,"1,46",USD,"1,46",
18-08-2023,16:50,18-08-2023,,,"Transferir a su Cuenta de Efectivo en flatexDEGIRO Bank: 0,31 EUR",,,,EUR,"292,03",
18-08-2023,16:50,18-08-2023,FLATEX EURO BANKACCOUNT,NLFLATEXACNT,Degiro Cash Sweep Transfer,,EUR,"-0,31",EUR,"291,72",
18-08-2023,08:52,17-08-2023,,,Ingreso Cambio de Divisa,,EUR,"0,31",EUR,"292,03",
18-08-2023,08:52,17-08-2023,,,Retirada Cambio de Divisa,"1,0899",USD,"-0,34",USD,"0,00",
18-08-2023,06:21,17-08-2023,APPLE INC,US0378331005,Dividendo,,USD,"0,48",USD,"0,34",
18-08-2023,06:21,17-08-2023,APPLE INC,US0378331005,Retención del dividendo,,USD,"-0,14",USD,"-0,14",
02-07-2023,07:51,30-06-2023,,,Flatex Interest Income,,EUR,"0,00",EUR,"291,72",
30-06-2023,19:05,30-06-2023,,,"Transferir a su Cuenta de Efectivo en flatexDEGIRO Bank: 1,37 EUR",,,,EUR,"291,72",
30-06-2023,19:05,30-06-2023,FLATEX EURO BANKACCOUNT,NLFLATEXACNT,Degiro Cash Sweep Transfer,,EUR,"-1,37",EUR,"290,35",
30-06-2023,07:46,29-06-2023,,,Ingreso Cambio de Divisa,,EUR,"1,37",EUR,"291,72",
30-06-2023,07:46,29-06-2023,,,Retirada Cambio de Divisa,"1,0892",USD,"-1,49",USD,"0,00",
29-06-2023,07:19,28-06-2023,ISHARES CORE S&P 500 UCITS ETF USD,IE0031442068,Dividendo,,USD,"1,49",USD,"1,49",
20-06-2023,16:49,20-06-2023,,,"Transferir a su Cuenta de Efectivo en flatexDEGIRO Bank: 0,05 EUR",,,,EUR,"290,35",
20-06-2023,16:49,20-06-2023,FLATEX EURO BANKACCOUNT,NLFLATEXACNT,Degiro Cash Sweep Transfer,,EUR,"-0,05",EUR,"290,30",
20-06-2023,07:48,16-06-2023,CELLNEX TELECOM SA,ES0105066007,Rendimiento de capital,,EUR,"0,05",EUR,"290,35",
22-05-2023,17:19,22-05-2023,,,"Transferir a su Cuenta de Efectivo en flatexDEGIRO Bank: 0,31 EUR",,,,EUR,"290,30",
22-05-2023,17:19,22-05-2023,FLATEX EURO BANKACCOUNT,NLFLATEXACNT,Degiro Cash Sweep Transfer,,EUR,"-0,31",EUR,"289,99",
20-05-2023,07:43,19-05-2023,,,Ingreso Cambio de Divisa,,EUR,"0,31",EUR,"290,30",
20-05-2023,07:43,19-05-2023,,,Retirada Cambio de Divisa,"1,0832",USD,"-0,34",USD,"0,00",
19-05-2023,06:59,18-05-2023,APPLE INC,US0378331005,Dividendo,,USD,"0,48",USD,"0,34",
19-05-2023,06:59,18-05-2023,APPLE INC,US0378331005,Retención del dividendo,,USD,"-0,14",USD,"-0,14",
28-04-2023,18:49,28-04-2023,,,"Transferir a su Cuenta de Efectivo en flatexDEGIRO Bank: 9,18 EUR",,,,EUR,"289,99",
28-04-2023,18:49,28-04-2023,FLATEX EURO BANKACCOUNT,NLFLATEXACNT,Degiro Cash Sweep Transfer,,EUR,"-9,18",EUR,"280,81",
28-04-2023,06:56,27-04-2023,AIRBUS SE,NL0000235190,Dividendo,,EUR,"10,80",EUR,"289,99",
28-04-2023,06:56,27-04-2023,AIRBUS SE,NL0000235190,Retención del dividendo,,EUR,"-1,62",EUR,"279,19",
03-04-2023,00:31,31-03-2023,,,Flatex Interest Income,,EUR,"0,00",EUR,"280,81",
31-03-2023,13:20,30-03-2023,,,"Transferir a su Cuenta de Efectivo en flatexDEGIRO Bank: 1,27 EUR",,,,EUR,"280,81",
31-03-2023,13:20,30-03-2023,FLATEX EURO BANKACCOUNT,NLFLATEXACNT,Degiro Cash Sweep Transfer,,EUR,"-1,27",EUR,"279,54",
30-03-2023,13:53,29-03-2023,,,Ingreso Cambio de Divisa,,EUR,"1,27",EUR,"280,81",
30-03-2023,13:53,29-03-2023,,,Retirada Cambio de Divisa,"1,0871",USD,"-1,38",USD,"0,00",
30-03-2023,09:58,29-03-2023,ISHARES CORE S&P 500 UCITS ETF USD,IE0031442068,Dividendo,,USD,"1,38",USD,"1,38",
20-02-2023,16:49,20-02-2023,,,"Transferir a su Cuenta de Efectivo en flatexDEGIRO Bank: 0,3 EUR",,,,EUR,"279,54",
20-02-2023,16:49,20-02-2023,FLATEX EURO BANKACCOUNT,NLFLATEXACNT,Degiro Cash Sweep Transfer,,EUR,"-0,30",EUR,"279,24",
18-02-2023,07:45,17-02-2023,,,Ingreso Cambio de Divisa,,EUR,"0,30",EUR,"279,54",
18-02-2023,07:45,17-02-2023,,,Retirada Cambio de Divisa,"1,0721",USD,"-0,32",USD,"0,00",
17-02-2023,07:03,16-02-2023,APPLE INC,US0378331005,Dividendo,,USD,"0,46",USD,"0,32",
17-02-2023,07:03,16-02-2023,APPLE INC,US0378331005,Retención del dividendo,,USD,"-0,14",USD,"-0,14",
04-01-2023,05:36,03-01-2023,,,"Transferir desde su Cuenta de Efectivo en flatexDEGIRO Bank: 6,17 EUR",,,,EUR,"279,24",
04-01-2023,05:36,03-01-2023,FLATEX EURO BANKACCOUNT,NLFLATEXACNT,Degiro Cash Sweep Transfer,,EUR,"6,17",EUR,"285,41",
03-01-2023,14:09,31-12-2022,,,Comisión de conectividad con el mercado 2023 (New York Stock Exchange - NSY),,EUR,"-2,50",EUR,"279,24",
03-01-2023,14:09,31-12-2022,,,Comisión de conectividad con el mercado 2023 (Nasdaq - NDQ),,EUR,"-2,50",EUR,"281,74",
03-01-2023,14:09,31-12-2022,,,Comisión de conectividad con el mercado 2023 (Euronext Amsterdam - EAM),,EUR,"-2,50",EUR,"284,24",
03-01-2023,07:39,02-01-2023,,,Ingreso Cambio de Divisa,,EUR,"1,33",EUR,"286,74",
03-01-2023,07:39,02-01-2023,,,Retirada Cambio de Divisa,"1,0693",USD,"-1,42",USD,"0,00",
02-01-2023,06:49,30-12-2022,ISHARES CORE S&P 500 UCITS ETF USD,IE0031442068,Dividendo,,USD,"1,42",USD,"1,42",
02-01-2023,05:11,02-01-2023,,,Flatex Interest Income,,EUR,"0,00",EUR,"285,41",
25-11-2022,16:18,25-11-2022,,,"Transferir a su Cuenta de Efectivo en flatexDEGIRO Bank: 0,11 EUR",,,,EUR,"285,41",
25-11-2022,16:18,25-11-2022,FLATEX EURO BANKACCOUNT,NLFLATEXACNT,Degiro Cash Sweep Transfer,,EUR,"-0,11",EUR,"285,30",
25-11-2022,07:09,24-11-2022,CELLNEX TELECOM SA,ES0105066007,Dividendo,,EUR,"0,11",EUR,"285,41",
14-11-2022,17:49,14-11-2022,,,"Transferir a su Cuenta de Efectivo en flatexDEGIRO Bank: 0,31 EUR",,,,EUR,"285,30",
14-11-2022,17:49,14-11-2022,FLATEX EURO BANKACCOUNT,NLFLATEXACNT,Degiro Cash Sweep Transfer,,EUR,"-0,31",EUR,"284,99",
12-11-2022,07:40,11-11-2022,,,Ingreso Cambio de Divisa,,EUR,"0,31",EUR,"285,30",
12-11-2022,07:40,11-11-2022,,,Retirada Cambio de Divisa,"1,0374",USD,"-0,32",USD,"0,00",
11-11-2022,07:24,10-11-2022,APPLE INC,US0378331005,Dividendo,,USD,"0,46",USD,"0,32",
11-11-2022,07:24,10-11-2022,APPLE INC,US0378331005,Retención del dividendo,,USD,"-0,14",USD,"-0,14",
04-11-2022,18:19,04-11-2022,,,"Transferir a su Cuenta de Efectivo en flatexDEGIRO Bank: 277,3 EUR",,,,EUR,"284,99",
04-11-2022,18:19,04-11-2022,FLATEX EURO BANKACCOUNT,NLFLATEXACNT,Degiro Cash Sweep Transfer,,EUR,"-277,30",EUR,"7,69",
04-11-2022,07:34,03-11-2022,,,Ingreso Cambio de Divisa,,EUR,"277,30",EUR,"284,99",
04-11-2022,07:34,03-11-2022,,,Retirada Cambio de Divisa,"0,9773",USD,"-271,00",USD,"0,00",
03-11-2022,06:49,02-11-2022,TWITTER INC,US90184L1026,Acciones corporativas liquidación por diferencias,,USD,"271,00",USD,"271,00",
03-11-2022,06:49,02-11-2022,TWITTER INC,US90184L1026,DESLISTAMIENTO : Venta 5 Twitter Inc@0 USD (US90184L1026),,USD,"0,00",USD,"0,00",
02-10-2022,04:00,30-09-2022,,,Flatex Interest Income,,EUR,"0,00",EUR,"7,69",
30-09-2022,17:49,30-09-2022,,,"Transferir a su Cuenta de Efectivo en flatexDEGIRO Bank: 1,45 EUR",,,,EUR,"7,69",
30-09-2022,17:49,30-09-2022,FLATEX EURO BANKACCOUNT,NLFLATEXACNT,Degiro Cash Sweep Transfer,,EUR,"-1,45",EUR,"6,24",
30-09-2022,07:45,29-09-2022,,,Ingreso Cambio de Divisa,,EUR,"1,45",EUR,"7,69",
30-09-2022,07:45,29-09-2022,,,Retirada Cambio de Divisa,"0,9840",USD,"-1,43",USD,"0,00",
29-09-2022,08:24,28-09-2022,ISHARES CORE S&P 500 UCITS ETF USD,IE0031442068,Dividendo,,USD,"1,43",USD,"1,43",
12-08-2022,17:18,12-08-2022,,,"Transferir a su Cuenta de Efectivo en flatexDEGIRO Bank: 0,38 EUR",,,,EUR,"6,24",
12-08-2022,17:18,12-08-2022,FLATEX EURO BANKACCOUNT,NLFLATEXACNT,Degiro Cash Sweep Transfer,,EUR,"-0,38",EUR,"5,86",
12-08-2022,07:40,11-08-2022,,,Ingreso Cambio de Divisa,,EUR,"0,38",EUR,"6,24",
12-08-2022,07:40,11-08-2022,,,Retirada Cambio de Divisa,"1,0346",USD,"-0,39",USD,"0,00",
11-08-2022,10:47,11-08-2022,APPLE INC,US0378331005,Dividendo,,USD,"0,46",USD,"0,39",
11-08-2022,10:47,11-08-2022,APPLE INC,US0378331005,Retención del dividendo,,USD,"-0,07",USD,"-0,07",
03-07-2022,16:31,30-06-2022,,,Flatex Interest Income,,EUR,"0,00",EUR,"5,86",
30-06-2022,17:33,30-06-2022,,,"Transferir a su Cuenta de Efectivo en flatexDEGIRO Bank: 1,3 EUR",,,,EUR,"5,86",
30-06-2022,17:33,30-06-2022,FLATEX EURO BANKACCOUNT,NLFLATEXACNT,Degiro Cash Sweep Transfer,,EUR,"-1,30",EUR,"4,56",
30-06-2022,07:34,29-06-2022,,,Ingreso Cambio de Divisa,,EUR,"1,30",EUR,"5,86",
30-06-2022,07:34,29-06-2022,,,Retirada Cambio de Divisa,"1,0468",USD,"-1,36",USD,"0,00",
29-06-2022,07:48,29-06-2022,ISHARES CORE S&P 500 UCITS ETF USD,IE0031442068,Dividendo,,USD,"1,36",USD,"1,36",
20-06-2022,16:48,20-06-2022,,,"Transferir a su Cuenta de Efectivo en flatexDEGIRO Bank: 0,05 EUR",,,,EUR,"4,56",
20-06-2022,16:48,20-06-2022,FLATEX EURO BANKACCOUNT,NLFLATEXACNT,Degiro Cash Sweep Transfer,,EUR,"-0,05",EUR,"4,51",
20-06-2022,07:27,17-06-2022,CELLNEX TELECOM SA,ES0105066007,Rendimiento de capital,,EUR,"0,05",EUR,"4,56",
13-05-2022,18:17,13-05-2022,,,"Transferir a su Cuenta de Efectivo en flatexDEGIRO Bank: 0,37 EUR",,,,EUR,"4,51",
13-05-2022,18:17,13-05-2022,FLATEX EURO BANKACCOUNT,NLFLATEXACNT,Degiro Cash Sweep Transfer,,EUR,"-0,37",EUR,"4,14",
13-05-2022,07:39,12-05-2022,,,Ingreso Cambio de Divisa,,EUR,"0,37",EUR,"4,51",
13-05-2022,07:39,12-05-2022,,,Retirada Cambio de Divisa,"1,0406",USD,"-0,39",USD,"0,00",
12-05-2022,10:34,12-05-2022,APPLE INC,US0378331005,Dividendo,,USD,"0,46",USD,"0,39",
12-05-2022,10:34,12-05-2022,APPLE INC,US0378331005,Retención del dividendo,,USD,"-0,07",USD,"-0,07",
04-05-2022,11:17,03-05-2022,,,"Transferir desde su Cuenta de Efectivo en flatexDEGIRO Bank: 0,01 EUR",,,,EUR,"4,14",
04-05-2022,11:17,03-05-2022,FLATEX EURO BANKACCOUNT,NLFLATEXACNT,Degiro Cash Sweep Transfer,,EUR,"0,01",EUR,"4,15",
03-05-2022,17:24,30-04-2022,,,Interés,,EUR,"-0,01",EUR,"4,14",
22-04-2022,16:47,22-04-2022,,,"Transferir a su Cuenta de Efectivo en flatexDEGIRO Bank: 4,15 EUR",,,,EUR,"4,15",
22-04-2022,16:47,22-04-2022,FLATEX EURO BANKACCOUNT,NLFLATEXACNT,Degiro Cash Sweep Transfer,,EUR,"-4,15",EUR,"0,00",
22-04-2022,12:40,21-04-2022,AIRBUS SE,NL0000235190,Dividendo,,EUR,"9,00",EUR,"4,15",
22-04-2022,12:40,21-04-2022,AIRBUS SE,NL0000235190,Retención del dividendo,,EUR,"-1,35",EUR,"-4,85",
05-04-2022,13:38,31-03-2022,,,Interés,,EUR,"-0,02",EUR,"-3,50",
02-04-2022,00:47,01-04-2022,,,"Transferir a su Cuenta de Efectivo en flatexDEGIRO Bank: 0,03 EUR",,,,EUR,"-3,48",
02-04-2022,00:47,01-04-2022,FLATEX EURO BANKACCOUNT,NLFLATEXACNT,Degiro Cash Sweep Transfer,,EUR,"-0,03",EUR,"-3,51",
01-04-2022,14:20,31-03-2022,,,Flatex Interest,,EUR,"-0,03",EUR,"-3,48",
01-04-2022,07:43,31-03-2022,,,Ingreso Cambio de Divisa,,EUR,"1,16",EUR,"-3,45",
01-04-2022,07:43,31-03-2022,,,Retirada Cambio de Divisa,"1,1095",USD,"-1,29",USD,"0,00",
31-03-2022,07:41,30-03-2022,ISHARES CORE S&P 500 UCITS ETF USD,IE0031442068,Dividendo,,USD,"1,29",USD,"1,29",
03-03-2022,17:38,28-02-2022,,,Interés,,EUR,"-0,01",EUR,"-4,61",
12-02-2022,08:10,11-02-2022,,,Ingreso Cambio de Divisa,,EUR,"0,32",EUR,"-4,60",
12-02-2022,08:10,11-02-2022,,,Retirada Cambio de Divisa,"1,1378",USD,"-0,37",USD,"0,00",
11-02-2022,07:38,10-02-2022,APPLE INC,US0378331005,Dividendo,,USD,"0,44",USD,"0,37",
11-02-2022,07:38,10-02-2022,APPLE INC,US0378331005,Retención del dividendo,,USD,"-0,07",USD,"-0,07",
04-02-2022,10:16,03-02-2022,,,"Transferir desde su Cuenta de Efectivo en flatexDEGIRO Bank: 2,58 EUR",,,,EUR,"-4,92",
04-02-2022,10:16,03-02-2022,FLATEX EURO BANKACCOUNT,NLFLATEXACNT,Degiro Cash Sweep Transfer,,EUR,"2,58",EUR,"-2,34",
03-02-2022,10:03,31-01-2022,,,Comisión de conectividad con el mercado 2022 (New York Stock Exchange - NSY),,EUR,"-2,50",EUR,"-4,92",
03-02-2022,10:03,31-01-2022,,,Comisión de conectividad con el mercado 2022 (Nasdaq - NDQ),,EUR,"-2,50",EUR,"-2,42",
03-02-2022,10:03,31-01-2022,,,Comisión de conectividad con el mercado 2022 (Euronext Amsterdam - EAM),,EUR,"-2,50",EUR,"0,08",
25-01-2022,13:50,25-01-2022,,,Processed Flatex Withdrawal,,EUR,"100,00",EUR,"2,58",
25-01-2022,13:50,25-01-2022,,,flatex Withdrawal,,EUR,"-100,00",EUR,"-97,42",
25-01-2022,13:50,25-01-2022,,,Processed Flatex Withdrawal,,EUR,"100,00",EUR,"2,58",
25-01-2022,13:50,25-01-2022,,,flatex Withdrawal,,EUR,"-100,00",EUR,"-97,42",
25-01-2022,13:17,24-01-2022,,,"Transferir a su Cuenta de Efectivo en flatexDEGIRO Bank: 90,06 EUR",,,,EUR,"2,58",
25-01-2022,13:17,24-01-2022,FLATEX EURO BANKACCOUNT,NLFLATEXACNT,Degiro Cash Sweep Transfer,,EUR,"-90,06",EUR,"-87,48",
24-01-2022,19:00,24-01-2022,,,Processed Flatex Withdrawal,,EUR,"-100,00",EUR,"2,58",
24-01-2022,18:59,24-01-2022,UBER TECHNOLOGIES INC,US90353T1007,Retirada Cambio de Divisa,"1,1356",USD,"-102,84",USD,"0,00",a11044d3-c446-4c66-a9eb-bdbc6328c560
24-01-2022,18:59,24-01-2022,UBER TECHNOLOGIES INC,US90353T1007,Ingreso Cambio de Divisa,,EUR,"90,56",EUR,"102,58",a11044d3-c446-4c66-a9eb-bdbc6328c560
24-01-2022,18:59,24-01-2022,UBER TECHNOLOGIES INC,US90353T1007,Costes de transacción y/o externos de DEGIRO,,EUR,"-0,50",EUR,"12,02",a11044d3-c446-4c66-a9eb-bdbc6328c560
24-01-2022,18:59,24-01-2022,UBER TECHNOLOGIES INC,US90353T1007,"Venta 3 Uber Technologies Inc@34,2815 USD (US90353T1007)",,USD,"102,84",USD,"102,84",a11044d3-c446-4c66-a9eb-bdbc6328c560
24-01-2022,18:02,24-01-2022,,,Processed Flatex Withdrawal,,EUR,"-100,00",EUR,"12,52",
05-01-2022,11:53,04-01-2022,,,"Transferir a su Cuenta de Efectivo en flatexDEGIRO Bank: 1,09 EUR",,,,EUR,"112,52",
05-01-2022,11:53,04-01-2022,FLATEX EURO BANKACCOUNT,NLFLATEXACNT,Degiro Cash Sweep Transfer,,EUR,"-1,09",EUR,"111,43",
04-01-2022,07:42,03-01-2022,,,Ingreso Cambio de Divisa,,EUR,"1,09",EUR,"112,52",
04-01-2022,07:42,03-01-2022,,,Retirada Cambio de Divisa,"1,1325",USD,"-1,24",USD,"0,00",
03-01-2022,08:24,31-12-2021,ISHARES CORE S&P 500 UCITS ETF USD,IE0031442068,Dividendo,,USD,"1,24",USD,"1,24",
31-12-2021,09:20,31-12-2021,,,Flatex Interest,,EUR,"-0,14",EUR,"111,43",
16-11-2021,11:34,15-11-2021,,,"Transferir a su Cuenta de Efectivo en flatexDEGIRO Bank: 0,32 EUR",,,,EUR,"111,57",
16-11-2021,11:34,15-11-2021,FLATEX EURO BANKACCOUNT,NLFLATEXACNT,Degiro Cash Sweep Transfer,,EUR,"-0,32",EUR,"111,25",
13-11-2021,07:39,12-11-2021,,,Ingreso Cambio de Divisa,,EUR,"0,32",EUR,"111,57",
13-11-2021,07:39,12-11-2021,,,Retirada Cambio de Divisa,"1,1454",USD,"-0,37",USD,"0,00",
12-11-2021,07:31,11-11-2021,APPLE INC,US0378331005,Dividendo,,USD,"0,44",USD,"0,37",
12-11-2021,07:31,11-11-2021,APPLE INC,US0378331005,Retención del dividendo,,USD,"-0,07",USD,"-0,07",
11-11-2021,11:33,10-11-2021,,,"Transferir a su Cuenta de Efectivo en flatexDEGIRO Bank: 0,02 EUR",,,,EUR,"111,25",
11-11-2021,11:33,10-11-2021,FLATEX EURO BANKACCOUNT,NLFLATEXACNT,Degiro Cash Sweep Transfer,,EUR,"-0,02",EUR,"111,23",
10-11-2021,08:57,04-11-2021,CELLNEX TELECOM SA,ES0105066007,Retención del dividendo,,EUR,"0,02",EUR,"111,25",
08-11-2021,11:34,05-11-2021,,,"Transferir a su Cuenta de Efectivo en flatexDEGIRO Bank: 0,07 EUR",,,,EUR,"111,23",
08-11-2021,11:34,05-11-2021,FLATEX EURO BANKACCOUNT,NLFLATEXACNT,Degiro Cash Sweep Transfer,,EUR,"-0,07",EUR,"111,16",
05-11-2021,08:22,04-11-2021,CELLNEX TELECOM SA,ES0105066007,Dividendo,,EUR,"0,09",EUR,"111,23",
05-11-2021,08:22,04-11-2021,CELLNEX TELECOM SA,ES0105066007,Retención del dividendo,,EUR,"-0,02",EUR,"111,14",
04-10-2021,12:18,01-10-2021,,,"Transferir a su Cuenta de Efectivo en flatexDEGIRO Bank: 1,06 EUR",,,,EUR,"111,16",
04-10-2021,12:18,01-10-2021,FLATEX EURO BANKACCOUNT,NLFLATEXACNT,Degiro Cash Sweep Transfer,,EUR,"-1,06",EUR,"110,10",
02-10-2021,05:00,30-09-2021,,,Flatex Interest,,EUR,"-0,14",EUR,"111,16",
01-10-2021,07:41,30-09-2021,,,Retirada Cambio de Divisa,,EUR,"1,06",EUR,"111,30",
01-10-2021,07:41,30-09-2021,,,Retirada Cambio de Divisa,"1,1588",USD,"-1,23",USD,"0,00",
30-09-2021,09:43,29-09-2021,ISHARES CORE S&P 500 UCITS ETF USD,IE0031442068,Dividendo,,USD,"1,23",USD,"1,23",
17-08-2021,11:46,16-08-2021,,,"Transferir a su Cuenta de Efectivo en flatexDEGIRO Bank: 0,31 EUR",,,,EUR,"110,24",
17-08-2021,11:46,16-08-2021,FLATEX EURO BANKACCOUNT,NLFLATEXACNT,Degiro Cash Sweep Transfer,,EUR,"-0,31",EUR,"109,93",
14-08-2021,07:33,13-08-2021,,,Retirada Cambio de Divisa,,EUR,"0,31",EUR,"110,24",
14-08-2021,07:33,13-08-2021,,,Retirada Cambio de Divisa,"1,1807",USD,"-0,37",USD,"0,00",
13-08-2021,07:49,12-08-2021,APPLE INC,US0378331005,Dividendo,,USD,"0,44",USD,"0,37",
13-08-2021,07:49,12-08-2021,APPLE INC,US0378331005,Retención del dividendo,,USD,"-0,07",USD,"-0,07",
05-07-2021,16:03,02-07-2021,,,"Transferir a su Cuenta de Efectivo en flatexDEGIRO Bank: 1,02 EUR",,,,EUR,"109,93",
05-07-2021,16:03,02-07-2021,FLATEX EURO BANKACCOUNT,NLFLATEXACNT,Degiro Cash Sweep Transfer,,EUR,"-1,02",EUR,"108,91",
02-07-2021,10:51,01-07-2021,,,Retirada Cambio de Divisa,,EUR,"1,02",EUR,"109,93",
02-07-2021,10:51,01-07-2021,,,Retirada Cambio de Divisa,"1,1862",USD,"-1,22",USD,"0,00",
01-07-2021,23:30,30-06-2021,,,Flatex Interest,,EUR,"-0,24",EUR,"108,91",
01-07-2021,12:00,30-06-2021,ISHARES CORE S&P 500 UCITS ETF USD,IE0031442068,Dividendo,,USD,"1,22",USD,"1,22",
21-06-2021,11:16,18-06-2021,,,"Transferir a su Cuenta de Efectivo en flatexDEGIRO Bank: 0,05 EUR",,,,EUR,"109,15",
21-06-2021,11:16,18-06-2021,FLATEX EURO BANKACCOUNT,NLFLATEXACNT,Degiro Cash Sweep Transfer,,EUR,"-0,05",EUR,"109,10",
18-06-2021,07:50,17-06-2021,CELLNEX TELECOM SA,ES0105066007,Dividendo,,EUR,"0,05",EUR,"109,15",
17-05-2021,11:16,14-05-2021,,,"Transferir a su Cuenta de Efectivo en flatexDEGIRO Bank: 0,3 EUR",,,,EUR,"109,10",
17-05-2021,11:16,14-05-2021,FLATEX EURO BANKACCOUNT,NLFLATEXACNT,Degiro Cash Sweep Transfer,,EUR,"-0,30",EUR,"108,80",
14-05-2021,10:31,13-05-2021,,,Retirada Cambio de Divisa,,EUR,"0,30",EUR,"109,10",
14-05-2021,10:31,13-05-2021,,,Retirada Cambio de Divisa,"1,2091",USD,"-0,37",USD,"0,00",
14-05-2021,07:57,13-05-2021,APPLE INC,US0378331005,Dividendo,,USD,"0,44",USD,"0,37",
14-05-2021,07:57,13-05-2021,APPLE INC,US0378331005,Retención del dividendo,,USD,"-0,07",USD,"-0,07",
05-05-2021,11:02,04-05-2021,,,"Transferir desde su Cuenta de Efectivo en flatexDEGIRO Bank: 224,17 EUR",,,,EUR,"108,80",
05-05-2021,11:02,04-05-2021,FLATEX EURO BANKACCOUNT,NLFLATEXACNT,Degiro Cash Sweep Transfer,,EUR,"224,17",EUR,"332,97",
04-05-2021,16:20,04-05-2021,TWITTER INC,US90184L1026,Ingreso Cambio de Divisa,"1,2012",USD,"268,65",USD,"0,00",f241f4b7-16dd-4864-9ce3-cb393825c65f
04-05-2021,16:20,04-05-2021,TWITTER INC,US90184L1026,Retirada Cambio de Divisa,,EUR,"-223,65",EUR,"108,80",f241f4b7-16dd-4864-9ce3-cb393825c65f
04-05-2021,16:20,04-05-2021,TWITTER INC,US90184L1026,Costes de transacción y/o externos de DEGIRO,,EUR,"-0,02",EUR,"332,45",f241f4b7-16dd-4864-9ce3-cb393825c65f
04-05-2021,16:20,04-05-2021,TWITTER INC,US90184L1026,Costes de transacción y/o externos de DEGIRO,,EUR,"-0,50",EUR,"332,47",f241f4b7-16dd-4864-9ce3-cb393825c65f
04-05-2021,16:20,04-05-2021,TWITTER INC,US90184L1026,"Compra 5 Twitter Inc@53,73 USD (US90184L1026)",,USD,"-268,65",USD,"-268,65",f241f4b7-16dd-4864-9ce3-cb393825c65f
30-04-2021,10:22,29-04-2021,CELLNEX TELECOM SA-RTS,ES0605066937,DESLISTAMIENTO : Venta 3 CELLNEX TELECOM SA-RTS@0 EUR (ES0605066937),,EUR,"0,00",EUR,"332,97",
01-04-2021,16:20,31-03-2021,,,Flatex Interest,,EUR,"-0,29",EUR,"332,97",
01-04-2021,08:52,01-04-2021,CELLNEX TELECOM SA-RTS,ES0605066937,EMISIÓN DE DERECHOS: Compra 3 CELLNEX TELECOM SA-RTS@0 EUR (ES0605066937),,EUR,"0,00",EUR,"333,26",
29-03-2021,12:31,29-03-2021,,,"Transferir a su Cuenta de Efectivo en flatexDEGIRO Bank: 1,02 EUR",,,,EUR,"333,26",
29-03-2021,12:31,29-03-2021,FLATEX EURO BANKACCOUNT,NLFLATEXACNT,Degiro Cash Sweep Transfer,,EUR,"-1,02",EUR,"332,24",
26-03-2021,09:33,25-03-2021,,,Retirada Cambio de Divisa,,EUR,"1,02",EUR,"333,26",
26-03-2021,09:33,25-03-2021,,,Retirada Cambio de Divisa,"1,1775",USD,"-1,21",USD,"0,00",
25-03-2021,08:08,24-03-2021,ISHARES CORE S&P 500 UCITS ETF USD,IE0031442068,Dividendo,,USD,"1,21",USD,"1,21",
16-02-2021,12:01,16-02-2021,,,"Transferir a su Cuenta de Efectivo en flatexDEGIRO Bank: 0,28 EUR",,,,EUR,"332,24",
16-02-2021,12:01,16-02-2021,FLATEX EURO BANKACCOUNT,NLFLATEXACNT,Degiro Cash Sweep Transfer,,EUR,"-0,28",EUR,"331,96",
13-02-2021,08:22,12-02-2021,,,Retirada Cambio de Divisa,,EUR,"0,28",EUR,"332,24",
13-02-2021,08:22,12-02-2021,,,Retirada Cambio de Divisa,"1,2132",USD,"-0,35",USD,"0,00",
12-02-2021,07:42,11-02-2021,APPLE INC,US0378331005,Dividendo,,USD,"0,41",USD,"0,35",
12-02-2021,07:42,11-02-2021,APPLE INC,US0378331005,Retención del dividendo,,USD,"-0,06",USD,"-0,06",
04-02-2021,11:48,04-02-2021,,,"Transferir desde su Cuenta de Efectivo en flatexDEGIRO Bank: 7,5 EUR",,,,EUR,"331,96",
04-02-2021,11:48,04-02-2021,FLATEX EURO BANKACCOUNT,NLFLATEXACNT,Degiro Cash Sweep Transfer,,EUR,"7,50",EUR,"339,46",
01-02-2021,12:31,01-02-2021,,,"Transferir a su Cuenta de Efectivo en flatexDEGIRO Bank: 318,15 EUR",,,,EUR,"331,96",
01-02-2021,12:31,01-02-2021,FLATEX EURO BANKACCOUNT,NLFLATEXACNT,Degiro Cash Sweep Transfer,,EUR,"-318,15",EUR,"13,81",
31-01-2021,13:15,31-12-2020,,,Comisión de conectividad con el mercado 2021 (New York Stock Exchange - NSY),,EUR,"-2,50",EUR,"331,96",
31-01-2021,13:15,31-12-2020,,,Comisión de conectividad con el mercado 2021 (Nasdaq - NDQ),,EUR,"-2,50",EUR,"334,46",
31-01-2021,13:15,31-12-2020,,,Comisión de conectividad con el mercado 2021 (Euronext Amsterdam - EAM),,EUR,"-2,50",EUR,"336,96",
29-01-2021,13:58,28-01-2021,MASMOVIL IBERCOM S.A.,ES0184696104,Acciones corporativas liquidación por diferencias,,EUR,"318,15",EUR,"339,46",
29-01-2021,13:58,28-01-2021,MASMOVIL IBERCOM S.A.,ES0184696104,DESLISTAMIENTO : Venta 14 MASMOVIL IBERCOM S.A.@0 EUR (ES0184696104),,EUR,"0,00",EUR,"21,31",
31-12-2020,02:01,31-12-2020,,,Flatex Interest,,EUR,"-0,02",EUR,"21,31",
28-12-2020,10:15,28-12-2020,,,"Transferir a su Cuenta de Efectivo en flatexDEGIRO Bank: 0,95 EUR",,,,EUR,"21,33",
28-12-2020,10:15,28-12-2020,FLATEX EURO BANKACCOUNT,NLFLATEXACNT,Degiro Cash Sweep Transfer,,EUR,"-0,95",EUR,"20,38",
25-12-2020,07:56,24-12-2020,,,Retirada Cambio de Divisa,,EUR,"0,95",EUR,"21,33",
25-12-2020,07:56,24-12-2020,,,Retirada Cambio de Divisa,"1,2198",USD,"-1,17",USD,"0,00",
24-12-2020,09:03,23-12-2020,ISHARES CORE S&P 500 UCITS ETF USD,IE0031442068,Dividendo,,USD,"1,17",USD,"1,17",
27-11-2020,10:30,27-11-2020,,,"Transferir a su Cuenta de Efectivo en flatexDEGIRO Bank: 0,11 EUR",,,,EUR,"20,38",
27-11-2020,10:30,27-11-2020,FLATEX EURO BANKACCOUNT,NLFLATEXACNT,Degiro Cash Sweep Transfer,,EUR,"-0,11",EUR,"20,27",
26-11-2020,10:01,25-11-2020,CELLNEX TELECOM SA,ES0105066007,Rendimiento de capital,,EUR,"0,11",EUR,"20,38",
26-11-2020,10:01,25-11-2020,CELLNEX TELECOM SA,ES0105066007,Dividendo,,EUR,"-0,11",EUR,"20,27",
26-11-2020,08:52,25-11-2020,CELLNEX TELECOM SA,ES0105066007,Dividendo,,EUR,"0,11",EUR,"20,38",
18-11-2020,15:58,17-11-2020,,,"Transferir a su Cuenta de Efectivo en flatexDEGIRO Bank: 0,29 EUR",,,,EUR,"20,27",
18-11-2020,15:58,17-11-2020,FLATEX EURO BANKACCOUNT,NLFLATEXACNT,Degiro Cash Sweep Transfer,,EUR,"-0,29",EUR,"19,98",
14-11-2020,07:52,13-11-2020,,,Retirada Cambio de Divisa,,EUR,"0,29",EUR,"20,27",
14-11-2020,07:52,13-11-2020,,,Retirada Cambio de Divisa,"1,1848",USD,"-0,35",USD,"0,00",
13-11-2020,09:08,12-11-2020,APPLE INC,US0378331005,Dividendo,,USD,"0,41",USD,"0,35",
13-11-2020,09:08,12-11-2020,APPLE INC,US0378331005,Retención del dividendo,,USD,"-0,06",USD,"-0,06",
26-10-2020,19:04,23-10-2020,MORGAN STANLEY EUR LIQUIDITY FUND,LU1959429272,"Conversión fondos del mercado monetario: Compra 0,02 @ 0 EUR",,EUR,"198,32",EUR,"19,98",
26-10-2020,19:04,23-10-2020,MORGAN STANLEY EUR LIQUIDITY FUND,LU1959429272,"Conversión fondos del mercado monetario: Venta 0,02 @ 0 EUR",,EUR,"-198,32",EUR,"-178,35",
23-10-2020,00:00,22-10-2020,MORGAN STANLEY EUR LIQUIDITY FUND,LU1959429272,Fondos del mercado monetario cambio de precio (EUR),,EUR,"0,00",EUR,"19,98",
22-10-2020,00:00,21-10-2020,MORGAN STANLEY EUR LIQUIDITY FUND,LU1959429272,Fondos del mercado monetario cambio de precio (EUR),,EUR,"0,00",EUR,"19,98",
21-10-2020,00:00,20-10-2020,MORGAN STANLEY EUR LIQUIDITY FUND,LU1959429272,Fondos del mercado monetario cambio de precio (EUR),,EUR,"0,00",EUR,"19,98",
20-10-2020,00:00,19-10-2020,MORGAN STANLEY EUR LIQUIDITY FUND,LU1959429272,Fondos del mercado monetario cambio de precio (EUR),,EUR,"0,00",EUR,"19,98",
19-10-2020,00:00,18-10-2020,MORGAN STANLEY EUR LIQUIDITY FUND,LU1959429272,Fondos del mercado monetario cambio de precio (EUR),,EUR,"0,00",EUR,"19,98",
16-10-2020,00:00,15-10-2020,MORGAN STANLEY EUR LIQUIDITY FUND,LU1959429272,Fondos del mercado monetario cambio de precio (EUR),,EUR,"0,00",EUR,"19,98",
15-10-2020,00:00,14-10-2020,MORGAN STANLEY EUR LIQUIDITY FUND,LU1959429272,Fondos del mercado monetario cambio de precio (EUR),,EUR,"0,00",EUR,"19,98",
14-10-2020,00:00,13-10-2020,MORGAN STANLEY EUR LIQUIDITY FUND,LU1959429272,Fondos del mercado monetario cambio de precio (EUR),,EUR,"0,00",EUR,"19,98",
13-10-2020,14:15,13-10-2020,,,"Transferir a su Cuenta de Efectivo en flatexDEGIRO Bank: 0,01 EUR",,,,EUR,"19,98",
13-10-2020,14:15,13-10-2020,FLATEX EURO BANKACCOUNT,NLFLATEXACNT,Degiro Cash Sweep Transfer,,EUR,"-0,01",EUR,"19,97",
13-10-2020,00:00,12-10-2020,MORGAN STANLEY EUR LIQUIDITY FUND,LU1959429272,Fondos del mercado monetario cambio de precio (EUR),,EUR,"0,00",EUR,"19,98",
12-10-2020,15:59,12-10-2020,MORGAN STANLEY EUR LIQUIDITY FUND,LU1959429272,"Conversión fondos del mercado monetario: Venta 0,000001 @ 9.918,3825 EUR",,,,EUR,"19,98",
12-10-2020,13:45,12-10-2020,,,"Transferir a su Cuenta de Efectivo en flatexDEGIRO Bank: 18,99 EUR",,,,EUR,"19,97",
12-10-2020,13:45,12-10-2020,FLATEX EURO BANKACCOUNT,NLFLATEXACNT,Degiro Cash Sweep Transfer,,EUR,"-18,99",EUR,"0,98",
12-10-2020,00:00,11-10-2020,MORGAN STANLEY EUR LIQUIDITY FUND,LU1959429272,Fondos del mercado monetario cambio de precio (EUR),,EUR,"0,00",EUR,"19,97",
09-10-2020,16:02,09-10-2020,MORGAN STANLEY EUR LIQUIDITY FUND,LU1959429272,"Conversión fondos del mercado monetario: Venta 0,001914 @ 9.918,79 EUR",,,,EUR,"19,97",
09-10-2020,00:00,08-10-2020,MORGAN STANLEY EUR LIQUIDITY FUND,LU1959429272,Fondos del mercado monetario cambio de precio (EUR),,EUR,"0,00",EUR,"0,98",
08-10-2020,08:42,07-10-2020,INTERNATIONAL CONSOLIDATED AIRLINES,ES0177542018,"CAMBIO DE ISIN: Venta 30 International Consolidated Airlines Group - Non tradeable@0,92 EUR (ES0177542018)",,EUR,"27,60",EUR,"0,98",
08-10-2020,08:42,07-10-2020,INTERNATIONAL CONSOLIDATED AIRLINES,ES0177542018,"CAMBIO DE ISIN: Compra 30 International Consolidated Airlines Group SA@0,92 EUR (ES0177542018)",,EUR,"-27,60",EUR,"-26,62",
08-10-2020,00:00,07-10-2020,MORGAN STANLEY EUR LIQUIDITY FUND,LU1959429272,Fondos del mercado monetario cambio de precio (EUR),,EUR,"0,00",EUR,"0,98",
07-10-2020,00:00,06-10-2020,MORGAN STANLEY EUR LIQUIDITY FUND,LU1959429272,Fondos del mercado monetario cambio de precio (EUR),,EUR,"0,00",EUR,"0,98",
06-10-2020,11:00,06-10-2020,,,"Transferir a su Cuenta de Efectivo en flatexDEGIRO Bank: 0,98 EUR",,,,EUR,"0,98",
06-10-2020,11:00,06-10-2020,FLATEX EURO BANKACCOUNT,NLFLATEXACNT,Degiro Cash Sweep Transfer,,EUR,"-0,98",EUR,"0,00",
06-10-2020,00:00,05-10-2020,MORGAN STANLEY EUR LIQUIDITY FUND,LU1959429272,Fondos del mercado monetario cambio de precio (EUR),,EUR,"0,00",EUR,"0,98",
05-10-2020,00:00,04-10-2020,MORGAN STANLEY EUR LIQUIDITY FUND,LU1959429272,Fondos del mercado monetario cambio de precio (EUR),,EUR,"0,00",EUR,"0,98",
02-10-2020,08:57,01-10-2020,,,Retirada Cambio de Divisa,,EUR,"0,98",EUR,"0,98",
02-10-2020,08:57,01-10-2020,,,Retirada Cambio de Divisa,"1,1757",USD,"-1,16",USD,"0,00",
02-10-2020,00:00,01-10-2020,MORGAN STANLEY EUR LIQUIDITY FUND,LU1959429272,Fondos del mercado monetario cambio de precio (EUR),,EUR,"0,00",EUR,"0,00",
01-10-2020,08:42,30-09-2020,ISHARES CORE S&P 500 UCITS ETF USD,IE0031442068,Dividendo,,USD,"1,16",USD,"1,16",
01-10-2020,00:00,30-09-2020,MORGAN STANLEY EUR LIQUIDITY FUND,LU1959429272,Fondos del mercado monetario cambio de precio (EUR),,EUR,"0,00",EUR,"0,00",
30-09-2020,00:00,29-09-2020,MORGAN STANLEY EUR LIQUIDITY FUND,LU1959429272,Fondos del mercado monetario cambio de precio (EUR),,EUR,"0,00",EUR,"0,00",
29-09-2020,00:00,28-09-2020,MORGAN STANLEY EUR LIQUIDITY FUND,LU1959429272,Fondos del mercado monetario cambio de precio (EUR),,EUR,"0,00",EUR,"0,00",
28-09-2020,16:02,28-09-2020,MORGAN STANLEY EUR LIQUIDITY FUND,LU1959429272,"Conversión fondos del mercado monetario: Venta 0,002783 @ 9.920,6608 EUR",,,,EUR,"0,00",
28-09-2020,00:00,27-09-2020,MORGAN STANLEY EUR LIQUIDITY FUND,LU1959429272,Fondos del mercado monetario cambio de precio (EUR),,EUR,"0,00",EUR,"-27,61",
25-09-2020,18:56,25-09-2020,"DERECHOS INTL CONSOL. AIRLINES GROUP,",ES0677542906,"OFERTA DE SUSCRIPCIÓN: Venta 20 DERECHOS INTL CONSOL. AIRLINES GROUP, S.A.@0 EUR (ES0677542906)",,EUR,"0,00",EUR,"-27,61",
25-09-2020,18:54,25-09-2020,INTERNATIONAL CONSOLIDATED AIRLINES,ES0177542018,"OFERTA DE SUSCRIPCIÓN: Compra 30 International Consolidated Airlines Group - Non tradeable@0,92 EUR (ES0177542018)",,EUR,"-27,60",EUR,"-27,61",
25-09-2020,00:00,24-09-2020,MORGAN STANLEY EUR LIQUIDITY FUND,LU1959429272,Fondos del mercado monetario cambio de precio (EUR),,EUR,"0,00",EUR,"-0,01",
24-09-2020,00:00,23-09-2020,MORGAN STANLEY EUR LIQUIDITY FUND,LU1959429272,Fondos del mercado monetario cambio de precio (EUR),,EUR,"0,00",EUR,"-0,01",
23-09-2020,00:00,22-09-2020,MORGAN STANLEY EUR LIQUIDITY FUND,LU1959429272,Fondos del mercado monetario cambio de precio (EUR),,EUR,"0,00",EUR,"-0,01",
22-09-2020,00:00,21-09-2020,MORGAN STANLEY EUR LIQUIDITY FUND,LU1959429272,Fondos del mercado monetario cambio de precio (EUR),,EUR,"0,00",EUR,"-0,01",
21-09-2020,00:00,20-09-2020,MORGAN STANLEY EUR LIQUIDITY FUND,LU1959429272,Fondos del mercado monetario cambio de precio (EUR),,EUR,"0,00",EUR,"-0,01",
18-09-2020,00:00,17-09-2020,MORGAN STANLEY EUR LIQUIDITY FUND,LU1959429272,Fondos del mercado monetario cambio de precio (EUR),,EUR,"0,00",EUR,"-0,01",
17-09-2020,00:00,16-09-2020,MORGAN STANLEY EUR LIQUIDITY FUND,LU1959429272,Fondos del mercado monetario cambio de precio (EUR),,EUR,"0,00",EUR,"-0,01",
16-09-2020,00:00,15-09-2020,MORGAN STANLEY EUR LIQUIDITY FUND,LU1959429272,Fondos del mercado monetario cambio de precio (EUR),,EUR,"0,00",EUR,"-0,01",
15-09-2020,00:00,14-09-2020,MORGAN STANLEY EUR LIQUIDITY FUND,LU1959429272,Fondos del mercado monetario cambio de precio (EUR),,EUR,"0,00",EUR,"-0,01",
14-09-2020,09:55,14-09-2020,"DERECHOS INTL CONSOL. AIRLINES GROUP,",ES0677542906,"EMISIÓN DE DERECHOS: Compra 20 DERECHOS INTL CONSOL. AIRLINES GROUP, S.A.@0 EUR (ES0677542906)",,EUR,"0,00",EUR,"-0,01",
14-09-2020,09:44,14-09-2020,"DERECHOS INTL CONSOL. AIRLINES GROUP,",ES0677542906,"EMISIÓN DE DERECHOS: Venta 20 DERECHOS INTL CONSOL. AIRLINES GROUP, S.A.@0 EUR (ES0677542906)",,EUR,"0,00",EUR,"-0,01",
14-09-2020,08:59,14-09-2020,"DERECHOS INTL CONSOL. AIRLINES GROUP,",ES0677542906,"EMISIÓN DE DERECHOS: Compra 20 DERECHOS INTL CONSOL. AIRLINES GROUP, S.A.@0 EUR (ES0677542906)",,EUR,"0,00",EUR,"-0,01",
14-09-2020,00:00,13-09-2020,MORGAN STANLEY EUR LIQUIDITY FUND,LU1959429272,Fondos del mercado monetario cambio de precio (EUR),,EUR,"0,00",EUR,"-0,01",
11-09-2020,00:00,10-09-2020,MORGAN STANLEY EUR LIQUIDITY FUND,LU1959429272,Fondos del mercado monetario cambio de precio (EUR),,EUR,"0,00",EUR,"-0,01",
10-09-2020,00:00,09-09-2020,MORGAN STANLEY EUR LIQUIDITY FUND,LU1959429272,Fondos del mercado monetario cambio de precio (EUR),,EUR,"0,00",EUR,"-0,01",
09-09-2020,00:00,08-09-2020,MORGAN STANLEY EUR LIQUIDITY FUND,LU1959429272,Fondos del mercado monetario cambio de precio (EUR),,EUR,"0,00",EUR,"-0,01",
08-09-2020,00:00,07-09-2020,MORGAN STANLEY EUR LIQUIDITY FUND,LU1959429272,Fondos del mercado monetario cambio de precio (EUR),,EUR,"0,00",EUR,"-0,01",
07-09-2020,00:00,06-09-2020,MORGAN STANLEY EUR LIQUIDITY FUND,LU1959429272,Fondos del mercado monetario cambio de precio (EUR),,EUR,"0,00",EUR,"-0,01",
04-09-2020,16:02,04-09-2020,MORGAN STANLEY EUR LIQUIDITY FUND,LU1959429272,"Conversión fondos del mercado monetario: Venta 0,002182 @ 9.924,5232 EUR",,,,EUR,"-0,01",
04-09-2020,16:02,04-09-2020,MORGAN STANLEY EUR LIQUIDITY FUND,LU1959429272,"Conversión fondos del mercado monetario: Venta 0,02 @ 9.924,5232 EUR",,,,EUR,"77,58",
04-09-2020,00:00,03-09-2020,MORGAN STANLEY EUR LIQUIDITY FUND,LU1959429272,Fondos del mercado monetario cambio de precio (EUR),,EUR,"-0,01",EUR,"77,58",
03-09-2020,00:00,02-09-2020,MORGAN STANLEY EUR LIQUIDITY FUND,LU1959429272,Fondos del mercado monetario cambio de precio (EUR),,EUR,"-0,00",EUR,"77,58",
02-09-2020,17:31,02-09-2020,APPLE INC,US0378331005,Ingreso Cambio de Divisa,"1,1821",USD,"259,64",USD,"0,00",7c19ab01-f843-4c88-99ff-f7b03d352026
02-09-2020,17:31,02-09-2020,APPLE INC,US0378331005,Retirada Cambio de Divisa,,EUR,"-219,64",EUR,"77,59",7c19ab01-f843-4c88-99ff-f7b03d352026
02-09-2020,17:31,02-09-2020,APPLE INC,US0378331005,Costes de transacción y/o externos de DEGIRO,,EUR,"-0,50",EUR,"297,23",7c19ab01-f843-4c88-99ff-f7b03d352026
02-09-2020,17:31,02-09-2020,APPLE INC,US0378331005,Costes de transacción y/o externos de DEGIRO,,EUR,"-0,01",EUR,"297,73",7c19ab01-f843-4c88-99ff-f7b03d352026
02-09-2020,17:31,02-09-2020,APPLE INC,US0378331005,"Compra 2 Apple Inc@129,82 USD (US0378331005)",,USD,"-259,64",USD,"-259,64",7c19ab01-f843-4c88-99ff-f7b03d352026
02-09-2020,00:00,01-09-2020,MORGAN STANLEY EUR LIQUIDITY FUND,LU1959429272,Fondos del mercado monetario cambio de precio (EUR),,EUR,"-0,01",EUR,"297,74",
01-09-2020,00:00,31-08-2020,MORGAN STANLEY EUR LIQUIDITY FUND,LU1959429272,Fondos del mercado monetario cambio de precio (EUR),,EUR,"-0,01",EUR,"297,74",
31-08-2020,00:00,30-08-2020,MORGAN STANLEY EUR LIQUIDITY FUND,LU1959429272,Fondos del mercado monetario cambio de precio (EUR),,EUR,"-0,01",EUR,"297,75",
28-08-2020,00:00,27-08-2020,MORGAN STANLEY EUR LIQUIDITY FUND,LU1959429272,Fondos del mercado monetario cambio de precio (EUR),,EUR,"-0,01",EUR,"297,76",
27-08-2020,00:00,26-08-2020,MORGAN STANLEY EUR LIQUIDITY FUND,LU1959429272,Fondos del mercado monetario cambio de precio (EUR),,EUR,"-0,01",EUR,"297,77",
26-08-2020,00:00,25-08-2020,MORGAN STANLEY EUR LIQUIDITY FUND,LU1959429272,Fondos del mercado monetario cambio de precio (EUR),,EUR,"-0,00",EUR,"297,77",
25-08-2020,00:00,24-08-2020,MORGAN STANLEY EUR LIQUIDITY FUND,LU1959429272,Fondos del mercado monetario cambio de precio (EUR),,EUR,"-0,01",EUR,"297,78",
24-08-2020,14:16,21-08-2020,CELLNEX TELECOM SA-RTS,ES0605066929,DESLISTAMIENTO : Venta 3 CELLNEX TELECOM SA-RTS@0 EUR (ES0605066929),,EUR,"0,00",EUR,"297,78",
24-08-2020,00:00,23-08-2020,MORGAN STANLEY EUR LIQUIDITY FUND,LU1959429272,Fondos del mercado monetario cambio de precio (EUR),,EUR,"-0,01",EUR,"297,78",
21-08-2020,00:00,20-08-2020,MORGAN STANLEY EUR LIQUIDITY FUND,LU1959429272,Fondos del mercado monetario cambio de precio (EUR),,EUR,"-0,01",EUR,"297,80",
20-08-2020,00:00,19-08-2020,MORGAN STANLEY EUR LIQUIDITY FUND,LU1959429272,Fondos del mercado monetario cambio de precio (EUR),,EUR,"-0,00",EUR,"297,80",
19-08-2020,00:00,18-08-2020,MORGAN STANLEY EUR LIQUIDITY FUND,LU1959429272,Fondos del mercado monetario cambio de precio (EUR),,EUR,"-0,00",EUR,"297,81",
18-08-2020,00:00,17-08-2020,MORGAN STANLEY EUR LIQUIDITY FUND,LU1959429272,Fondos del mercado monetario cambio de precio (EUR),,EUR,"-0,01",EUR,"297,81",
17-08-2020,00:00,16-08-2020,MORGAN STANLEY EUR LIQUIDITY FUND,LU1959429272,Fondos del mercado monetario cambio de precio (EUR),,EUR,"-0,01",EUR,"297,82",
14-08-2020,00:00,13-08-2020,MORGAN STANLEY EUR LIQUIDITY FUND,LU1959429272,Fondos del mercado monetario cambio de precio (EUR),,EUR,"-0,01",EUR,"297,83",
13-08-2020,00:00,12-08-2020,MORGAN STANLEY EUR LIQUIDITY FUND,LU1959429272,Fondos del mercado monetario cambio de precio (EUR),,EUR,"-0,01",EUR,"297,83",
12-08-2020,00:00,11-08-2020,MORGAN STANLEY EUR LIQUIDITY FUND,LU1959429272,Fondos del mercado monetario cambio de precio (EUR),,EUR,"-0,01",EUR,"297,84",
11-08-2020,00:00,10-08-2020,MORGAN STANLEY EUR LIQUIDITY FUND,LU1959429272,Fondos del mercado monetario cambio de precio (EUR),,EUR,"-0,01",EUR,"297,84",
10-08-2020,00:00,09-08-2020,MORGAN STANLEY EUR LIQUIDITY FUND,LU1959429272,Fondos del mercado monetario cambio de precio (EUR),,EUR,"-0,01",EUR,"297,85",
07-08-2020,00:00,06-08-2020,MORGAN STANLEY EUR LIQUIDITY FUND,LU1959429272,Fondos del mercado monetario cambio de precio (EUR),,EUR,"-0,01",EUR,"297,86",
06-08-2020,00:00,05-08-2020,MORGAN STANLEY EUR LIQUIDITY FUND,LU1959429272,Fondos del mercado monetario cambio de precio (EUR),,EUR,"-0,00",EUR,"297,87",
05-08-2020,00:00,04-08-2020,MORGAN STANLEY EUR LIQUIDITY FUND,LU1959429272,Fondos del mercado monetario cambio de precio (EUR),,EUR,"-0,00",EUR,"297,87",
04-08-2020,00:00,03-08-2020,MORGAN STANLEY EUR LIQUIDITY FUND,LU1959429272,Fondos del mercado monetario cambio de precio (EUR),,EUR,"-0,00",EUR,"297,88",
03-08-2020,00:00,02-08-2020,MORGAN STANLEY EUR LIQUIDITY FUND,LU1959429272,Fondos del mercado monetario cambio de precio (EUR),,EUR,"-0,01",EUR,"297,88",
31-07-2020,00:00,30-07-2020,MORGAN STANLEY EUR LIQUIDITY FUND,LU1959429272,Fondos del mercado monetario cambio de precio (EUR),,EUR,"-0,00",EUR,"297,89",
30-07-2020,00:00,29-07-2020,MORGAN STANLEY EUR LIQUIDITY FUND,LU1959429272,Fondos del mercado monetario cambio de precio (EUR),,EUR,"-0,00",EUR,"297,90",
29-07-2020,00:00,28-07-2020,MORGAN STANLEY EUR LIQUIDITY FUND,LU1959429272,Fondos del mercado monetario cambio de precio (EUR),,EUR,"-0,00",EUR,"297,90",
28-07-2020,00:00,27-07-2020,MORGAN STANLEY EUR LIQUIDITY FUND,LU1959429272,Fondos del mercado monetario cambio de precio (EUR),,EUR,"-0,01",EUR,"297,90",
27-07-2020,08:52,27-07-2020,CELLNEX TELECOM SA-RTS,ES0605066929,EMISIÓN DE DERECHOS: Compra 3 CELLNEX TELECOM SA-RTS@0 EUR (ES0605066929),,EUR,"0,00",EUR,"297,91",
27-07-2020,00:00,26-07-2020,MORGAN STANLEY EUR LIQUIDITY FUND,LU1959429272,Fondos del mercado monetario cambio de precio (EUR),,EUR,"-0,02",EUR,"297,91",
23-07-2020,00:00,22-07-2020,MORGAN STANLEY EUR LIQUIDITY FUND,LU1959429272,Fondos del mercado monetario cambio de precio (EUR),,EUR,"-0,00",EUR,"297,92",
22-07-2020,00:00,21-07-2020,MORGAN STANLEY EUR LIQUIDITY FUND,LU1959429272,Fondos del mercado monetario cambio de precio (EUR),,EUR,"-0,00",EUR,"297,93",
21-07-2020,00:00,20-07-2020,MORGAN STANLEY EUR LIQUIDITY FUND,LU1959429272,Fondos del mercado monetario cambio de precio (EUR),,EUR,"-0,01",EUR,"297,93",
20-07-2020,00:00,19-07-2020,MORGAN STANLEY EUR LIQUIDITY FUND,LU1959429272,Fondos del mercado monetario cambio de precio (EUR),,EUR,"-0,01",EUR,"297,94",
17-07-2020,00:00,16-07-2020,MORGAN STANLEY EUR LIQUIDITY FUND,LU1959429272,Fondos del mercado monetario cambio de precio (EUR),,EUR,"-0,00",EUR,"297,95",
16-07-2020,00:00,15-07-2020,MORGAN STANLEY EUR LIQUIDITY FUND,LU1959429272,Fondos del mercado monetario cambio de precio (EUR),,EUR,"-0,00",EUR,"297,95",
15-07-2020,00:00,14-07-2020,MORGAN STANLEY EUR LIQUIDITY FUND,LU1959429272,Fondos del mercado monetario cambio de precio (EUR),,EUR,"-0,01",EUR,"297,96",
14-07-2020,00:00,13-07-2020,MORGAN STANLEY EUR LIQUIDITY FUND,LU1959429272,Fondos del mercado monetario cambio de precio (EUR),,EUR,"-0,01",EUR,"297,96",
13-07-2020,00:00,12-07-2020,MORGAN STANLEY EUR LIQUIDITY FUND,LU1959429272,Fondos del mercado monetario cambio de precio (EUR),,EUR,"-0,01",EUR,"297,97",
10-07-2020,00:00,09-07-2020,MORGAN STANLEY EUR LIQUIDITY FUND,LU1959429272,Fondos del mercado monetario cambio de precio (EUR),,EUR,"-0,01",EUR,"297,98",
09-07-2020,00:00,08-07-2020,MORGAN STANLEY EUR LIQUIDITY FUND,LU1959429272,Fondos del mercado monetario cambio de precio (EUR),,EUR,"-0,00",EUR,"297,98",
08-07-2020,00:00,07-07-2020,MORGAN STANLEY EUR LIQUIDITY FUND,LU1959429272,Fondos del mercado monetario cambio de precio (EUR),,EUR,"-0,00",EUR,"297,99",
07-07-2020,00:00,06-07-2020,MORGAN STANLEY EUR LIQUIDITY FUND,LU1959429272,Fondos del mercado monetario cambio de precio (EUR),,EUR,"-0,01",EUR,"297,99",
06-07-2020,00:00,05-07-2020,MORGAN STANLEY EUR LIQUIDITY FUND,LU1959429272,Fondos del mercado monetario cambio de precio (EUR),,EUR,"-0,01",EUR,"298,00",
03-07-2020,00:00,02-07-2020,MORGAN STANLEY EUR LIQUIDITY FUND,LU1959429272,Fondos del mercado monetario cambio de precio (EUR),,EUR,"-0,01",EUR,"298,01",
02-07-2020,00:00,01-07-2020,MORGAN STANLEY EUR LIQUIDITY FUND,LU1959429272,Fondos del mercado monetario cambio de precio (EUR),,EUR,"-0,00",EUR,"298,01",
01-07-2020,16:03,01-07-2020,MORGAN STANLEY EUR LIQUIDITY FUND,LU1959429272,"Conversión fondos del mercado monetario: Compra 0,000142 @ 9.933,9156 EUR",,,,EUR,"298,01",
01-07-2020,16:03,01-07-2020,MORGAN STANLEY EUR LIQUIDITY FUND,LU1959429272,"Conversión fondos del mercado monetario: Compra 0,02 @ 9.933,9156 EUR",,,,EUR,"299,42",
01-07-2020,00:00,30-06-2020,MORGAN STANLEY EUR LIQUIDITY FUND,LU1959429272,Fondos del mercado monetario cambio de precio (EUR),,EUR,"-0,00",EUR,"299,42",
30-06-2020,16:21,30-06-2020,MORGAN STANLEY EUR LIQUIDITY FUND,LU1959429272,"Conversión fondos del mercado monetario: Venta 0,003014 @ 9.934,0179 EUR",,,,EUR,"299,43",
30-06-2020,16:21,30-06-2020,MORGAN STANLEY EUR LIQUIDITY FUND,LU1959429272,"Conversión fondos del mercado monetario: Venta 0,02 @ 9.934,0179 EUR",,,,EUR,"269,48",
30-06-2020,09:03,30-06-2020,,,Ingreso,,EUR,"200,00",EUR,"269,48",
30-06-2020,08:37,29-06-2020,MORGAN STANLEY EUR LIQUIDITY FUND,LU1959429272,"Conversión fondos del mercado monetario: Compra 0,000109 @ 9.934,1701 EUR",,,,EUR,"69,48",
30-06-2020,07:29,29-06-2020,CELLNEX TELECOM SA,ES0105066007,Dividendo,,EUR,"0,09",EUR,"70,57",
30-06-2020,00:00,29-06-2020,MORGAN STANLEY EUR LIQUIDITY FUND,LU1959429272,Fondos del mercado monetario cambio de precio (EUR),,EUR,"-0,00",EUR,"70,48",
29-06-2020,16:55,29-06-2020,BEYOND MEAT INC,US08862E1091,Ingreso Cambio de Divisa,"1,1233",USD,"256,24",USD,"0,00",82f48ae2-e621-4e05-baa6-f1fa808786fa
29-06-2020,16:55,29-06-2020,BEYOND MEAT INC,US08862E1091,Retirada Cambio de Divisa,,EUR,"-228,12",EUR,"70,48",82f48ae2-e621-4e05-baa6-f1fa808786fa
29-06-2020,16:55,29-06-2020,BEYOND MEAT INC,US08862E1091,Costes de transacción y/o externos de DEGIRO,,EUR,"-0,50",EUR,"298,60",82f48ae2-e621-4e05-baa6-f1fa808786fa
29-06-2020,16:55,29-06-2020,BEYOND MEAT INC,US08862E1091,Costes de transacción y/o externos de DEGIRO,,EUR,"-0,01",EUR,"299,10",82f48ae2-e621-4e05-baa6-f1fa808786fa
29-06-2020,16:55,29-06-2020,BEYOND MEAT INC,US08862E1091,"Compra 2 Beyond Meat Inc@128,12 USD (US08862E1091)",,USD,"-256,24",USD,"-256,24",82f48ae2-e621-4e05-baa6-f1fa808786fa
29-06-2020,00:00,28-06-2020,MORGAN STANLEY EUR LIQUIDITY FUND,LU1959429272,Fondos del mercado monetario cambio de precio (EUR),,EUR,"-0,01",EUR,"299,11",
26-06-2020,07:56,25-06-2020,,,Retirada Cambio de Divisa,,EUR,"1,08",EUR,"299,12",
26-06-2020,07:56,25-06-2020,,,Retirada Cambio de Divisa,"1,1228",USD,"-1,22",USD,"0,00",
26-06-2020,00:00,25-06-2020,MORGAN STANLEY EUR LIQUIDITY FUND,LU1959429272,Fondos del mercado monetario cambio de precio (EUR),,EUR,"-0,01",EUR,"298,04",
25-06-2020,10:38,24-06-2020,ISHARES CORE S&P 500 UCITS ETF USD,IE0031442068,Dividendo,,USD,"1,22",USD,"1,22",
25-06-2020,00:00,24-06-2020,MORGAN STANLEY EUR LIQUIDITY FUND,LU1959429272,Fondos del mercado monetario cambio de precio (EUR),,EUR,"-0,00",EUR,"298,04",
24-06-2020,00:00,23-06-2020,MORGAN STANLEY EUR LIQUIDITY FUND,LU1959429272,Fondos del mercado monetario cambio de precio (EUR),,EUR,"-0,00",EUR,"298,05",
23-06-2020,00:00,22-06-2020,MORGAN STANLEY EUR LIQUIDITY FUND,LU1959429272,Fondos del mercado monetario cambio de precio (EUR),,EUR,"-0,00",EUR,"298,05",
22-06-2020,00:00,21-06-2020,MORGAN STANLEY EUR LIQUIDITY FUND,LU1959429272,Fondos del mercado monetario cambio de precio (EUR),,EUR,"-0,01",EUR,"298,05",
19-06-2020,00:00,18-06-2020,MORGAN STANLEY EUR LIQUIDITY FUND,LU1959429272,Fondos del mercado monetario cambio de precio (EUR),,EUR,"-0,00",EUR,"298,06",
18-06-2020,00:00,17-06-2020,MORGAN STANLEY EUR LIQUIDITY FUND,LU1959429272,Fondos del mercado monetario cambio de precio (EUR),,EUR,"-0,00",EUR,"298,07",
17-06-2020,00:00,16-06-2020,MORGAN STANLEY EUR LIQUIDITY FUND,LU1959429272,Fondos del mercado monetario cambio de precio (EUR),,EUR,"-0,00",EUR,"298,07",
16-06-2020,00:00,15-06-2020,MORGAN STANLEY EUR LIQUIDITY FUND,LU1959429272,Fondos del mercado monetario cambio de precio (EUR),,EUR,"-0,00",EUR,"298,07",
15-06-2020,00:00,14-06-2020,MORGAN STANLEY EUR LIQUIDITY FUND,LU1959429272,Fondos del mercado monetario cambio de precio (EUR),,EUR,"-0,01",EUR,"298,08",
12-06-2020,00:00,11-06-2020,MORGAN STANLEY EUR LIQUIDITY FUND,LU1959429272,Fondos del mercado monetario cambio de precio (EUR),,EUR,"-0,00",EUR,"298,09",
11-06-2020,00:00,10-06-2020,MORGAN STANLEY EUR LIQUIDITY FUND,LU1959429272,Fondos del mercado monetario cambio de precio (EUR),,EUR,"-0,00",EUR,"298,10",
10-06-2020,00:00,09-06-2020,MORGAN STANLEY EUR LIQUIDITY FUND,LU1959429272,Fondos del mercado monetario cambio de precio (EUR),,EUR,"-0,01",EUR,"298,10",
09-06-2020,00:00,08-06-2020,MORGAN STANLEY EUR LIQUIDITY FUND,LU1959429272,Fondos del mercado monetario cambio de precio (EUR),,EUR,"-0,00",EUR,"298,11",
08-06-2020,00:00,07-06-2020,MORGAN STANLEY EUR LIQUIDITY FUND,LU1959429272,Fondos del mercado monetario cambio de precio (EUR),,EUR,"-0,01",EUR,"298,11",
05-06-2020,00:00,04-06-2020,MORGAN STANLEY EUR LIQUIDITY FUND,LU1959429272,Fondos del mercado monetario cambio de precio (EUR),,EUR,"-0,00",EUR,"298,12",
04-06-2020,00:00,03-06-2020,MORGAN STANLEY EUR LIQUIDITY FUND,LU1959429272,Fondos del mercado monetario cambio de precio (EUR),,EUR,"-0,00",EUR,"298,12",
03-06-2020,16:16,03-06-2020,MORGAN STANLEY EUR LIQUIDITY FUND,LU1959429272,"Conversión fondos del mercado monetario: Compra 0,000126 @ 9.937,1237 EUR",,,,EUR,"298,12",
03-06-2020,16:16,03-06-2020,MORGAN STANLEY EUR LIQUIDITY FUND,LU1959429272,"Conversión fondos del mercado monetario: Compra 0,02 @ 9.937,1237 EUR",,,,EUR,"299,37",
03-06-2020,00:00,02-06-2020,MORGAN STANLEY EUR LIQUIDITY FUND,LU1959429272,Fondos del mercado monetario cambio de precio (EUR),,EUR,"-0,00",EUR,"299,37",
02-06-2020,09:09,02-06-2020,,,Ingreso,,EUR,"200,00",EUR,"299,37",
02-06-2020,00:00,01-06-2020,MORGAN STANLEY EUR LIQUIDITY FUND,LU1959429272,Fondos del mercado monetario cambio de precio (EUR),,EUR,"0,00",EUR,"99,37",
01-06-2020,00:00,31-05-2020,MORGAN STANLEY EUR LIQUIDITY FUND,LU1959429272,Fondos del mercado monetario cambio de precio (EUR),,EUR,"-0,00",EUR,"99,37",
29-05-2020,00:00,28-05-2020,MORGAN STANLEY EUR LIQUIDITY FUND,LU1959429272,Fondos del mercado monetario cambio de precio (EUR),,EUR,"-0,00",EUR,"99,38",
28-05-2020,00:00,27-05-2020,MORGAN STANLEY EUR LIQUIDITY FUND,LU1959429272,Fondos del mercado monetario cambio de precio (EUR),,EUR,"-0,00",EUR,"99,38",
27-05-2020,00:00,26-05-2020,MORGAN STANLEY EUR LIQUIDITY FUND,LU1959429272,Fondos del mercado monetario cambio de precio (EUR),,EUR,"-0,00",EUR,"99,38",
26-05-2020,00:00,25-05-2020,MORGAN STANLEY EUR LIQUIDITY FUND,LU1959429272,Fondos del mercado monetario cambio de precio (EUR),,EUR,"-0,00",EUR,"99,38",
25-05-2020,00:00,24-05-2020,MORGAN STANLEY EUR LIQUIDITY FUND,LU1959429272,Fondos del mercado monetario cambio de precio (EUR),,EUR,"-0,00",EUR,"99,38",
22-05-2020,00:00,21-05-2020,MORGAN STANLEY EUR LIQUIDITY FUND,LU1959429272,Fondos del mercado monetario cambio de precio (EUR),,EUR,"-0,00",EUR,"99,39",
21-05-2020,00:00,20-05-2020,MORGAN STANLEY EUR LIQUIDITY FUND,LU1959429272,Fondos del mercado monetario cambio de precio (EUR),,EUR,"-0,00",EUR,"99,39",
20-05-2020,10:26,19-05-2020,MORGAN STANLEY EUR LIQUIDITY FUND,LU1959429272,"Conversión fondos del mercado monetario: Venta 0,000122 @ 9.939,242 EUR",,,,EUR,"99,39",
20-05-2020,10:26,19-05-2020,MORGAN STANLEY EUR LIQUIDITY FUND,LU1959429272,"Conversión fondos del mercado monetario: Venta 0,02 @ 9.939,242 EUR",,EUR,"0,01",EUR,"98,18",
20-05-2020,00:00,19-05-2020,MORGAN STANLEY EUR LIQUIDITY FUND,LU1959429272,Fondos del mercado monetario cambio de precio (EUR),,EUR,"-0,00",EUR,"98,17",
19-05-2020,00:00,18-05-2020,MORGAN STANLEY EUR LIQUIDITY FUND,LU1959429272,Fondos del mercado monetario cambio de precio (EUR),,EUR,"-0,00",EUR,"98,18",
18-05-2020,00:00,17-05-2020,MORGAN STANLEY EUR LIQUIDITY FUND,LU1959429272,Fondos del mercado monetario cambio de precio (EUR),,EUR,"-0,01",EUR,"98,18",
17-05-2020,10:35,17-05-2020,,,Retirada,,EUR,"-200,00",EUR,"98,19",
15-05-2020,00:00,14-05-2020,MORGAN STANLEY EUR LIQUIDITY FUND,LU1959429272,Fondos del mercado monetario cambio de precio (EUR),,EUR,"-0,01",EUR,"298,19",
14-05-2020,16:11,14-05-2020,MORGAN STANLEY EUR LIQUIDITY FUND,LU1959429272,"Conversión fondos del mercado monetario: Compra 0,007167 @ 9.939,9846 EUR",,,,EUR,"298,20",
14-05-2020,00:00,13-05-2020,MORGAN STANLEY EUR LIQUIDITY FUND,LU1959429272,Fondos del mercado monetario cambio de precio (EUR),,EUR,"-0,00",EUR,"270,04",
13-05-2020,17:07,13-05-2020,MORGAN STANLEY EUR LIQUIDITY FUND,LU1959429272,"Conversión fondos del mercado monetario: Venta 0,009152 @ 9.940,1121 EUR",,,,EUR,"270,04",
13-05-2020,15:01,13-05-2020,ISHARES CORE S&P 500 UCITS ETF USD,IE0031442068,"Compra 3 iShares Core S&P 500 UCITS ETF USD (Dist)@26,25 EUR (IE0031442068)",,EUR,"-78,75",EUR,"278,47",c2ce114c-76b9-43d6-9e9d-b1ac7b891499
13-05-2020,08:45,13-05-2020,,,Ingreso,,EUR,"150,00",EUR,"357,22",
13-05-2020,00:00,12-05-2020,MORGAN STANLEY EUR LIQUIDITY FUND,LU1959429272,Fondos del mercado monetario cambio de precio (EUR),,EUR,"-0,00",EUR,"207,22",
12-05-2020,21:37,12-05-2020,UBER TECHNOLOGIES INC,US90353T1007,Ingreso Cambio de Divisa,"1,0844",USD,"98,10",USD,"0,00",aa0e0011-9931-4ef4-a567-a5e94895dfa4
12-05-2020,21:37,12-05-2020,UBER TECHNOLOGIES INC,US90353T1007,Retirada Cambio de Divisa,,EUR,"-90,46",EUR,"207,23",aa0e0011-9931-4ef4-a567-a5e94895dfa4
12-05-2020,21:37,12-05-2020,UBER TECHNOLOGIES INC,US90353T1007,Costes de transacción y/o externos de DEGIRO,,EUR,"-0,50",EUR,"297,69",aa0e0011-9931-4ef4-a567-a5e94895dfa4
12-05-2020,21:37,12-05-2020,UBER TECHNOLOGIES INC,US90353T1007,Costes de transacción y/o externos de DEGIRO,,EUR,"-0,01",EUR,"298,19",aa0e0011-9931-4ef4-a567-a5e94895dfa4
12-05-2020,21:37,12-05-2020,UBER TECHNOLOGIES INC,US90353T1007,"Compra 3 Uber Technologies Inc@32,7 USD (US90353T1007)",,USD,"-98,10",USD,"-98,10",aa0e0011-9931-4ef4-a567-a5e94895dfa4
11-05-2020,00:00,10-05-2020,MORGAN STANLEY EUR LIQUIDITY FUND,LU1959429272,Fondos del mercado monetario cambio de precio (EUR),,EUR,"-0,01",EUR,"298,20",
08-05-2020,16:19,08-05-2020,MORGAN STANLEY EUR LIQUIDITY FUND,LU1959429272,"Conversión fondos del mercado monetario: Venta 0,008674 @ 9.940,4739 EUR",,,,EUR,"298,21",
08-05-2020,00:00,07-05-2020,MORGAN STANLEY EUR LIQUIDITY FUND,LU1959429272,Fondos del mercado monetario cambio de precio (EUR),,EUR,"0,00",EUR,"311,39",
07-05-2020,16:08,07-05-2020,PINTEREST INC CLASS A,US72352L1061,Ingreso Cambio de Divisa,"1,0757",USD,"92,20",USD,"0,00",9d9935e1-4855-4eb3-ae06-bcf2b27da18c
07-05-2020,16:08,07-05-2020,PINTEREST INC CLASS A,US72352L1061,Retirada Cambio de Divisa,,EUR,"-85,71",EUR,"311,39",9d9935e1-4855-4eb3-ae06-bcf2b27da18c
07-05-2020,16:08,07-05-2020,PINTEREST INC CLASS A,US72352L1061,Costes de transacción y/o externos de DEGIRO,,EUR,"-0,50",EUR,"397,10",9d9935e1-4855-4eb3-ae06-bcf2b27da18c
07-05-2020,16:08,07-05-2020,PINTEREST INC CLASS A,US72352L1061,Costes de transacción y/o externos de DEGIRO,,EUR,"-0,02",EUR,"397,60",9d9935e1-4855-4eb3-ae06-bcf2b27da18c
07-05-2020,16:08,07-05-2020,PINTEREST INC CLASS A,US72352L1061,"Compra 5 Pinterest Inc Class A@18,44 USD (US72352L1061)",,USD,"-92,20",USD,"-92,20",9d9935e1-4855-4eb3-ae06-bcf2b27da18c
07-05-2020,00:00,06-05-2020,MORGAN STANLEY EUR LIQUIDITY FUND,LU1959429272,Fondos del mercado monetario cambio de precio (EUR),,EUR,"-0,01",EUR,"397,62",
06-05-2020,00:00,05-05-2020,MORGAN STANLEY EUR LIQUIDITY FUND,LU1959429272,Fondos del mercado monetario cambio de precio (EUR),,EUR,"-0,00",EUR,"397,63",
05-05-2020,16:30,05-05-2020,MORGAN STANLEY EUR LIQUIDITY FUND,LU1959429272,"Conversión fondos del mercado monetario: Venta 0,000755 @ 9.940,8686 EUR",,,,EUR,"397,63",
05-05-2020,00:00,04-05-2020,MORGAN STANLEY EUR LIQUIDITY FUND,LU1959429272,Fondos del mercado monetario cambio de precio (EUR),,EUR,"-0,00",EUR,"390,13",
04-05-2020,00:00,03-05-2020,MORGAN STANLEY EUR LIQUIDITY FUND,LU1959429272,Fondos del mercado monetario cambio de precio (EUR),,EUR,"-0,02",EUR,"390,13",
01-05-2020,17:05,30-04-2020,,,Comisión de conectividad con el mercado 2020 (New York Stock Exchange - NSY),,EUR,"-2,50",EUR,"390,14",
01-05-2020,17:05,30-04-2020,,,Comisión de conectividad con el mercado 2020 (Nasdaq - NDQ),,EUR,"-2,50",EUR,"392,64",
01-05-2020,17:05,30-04-2020,,,Comisión de conectividad con el mercado 2020 (Euronext Amsterdam - EAM),,EUR,"-2,50",EUR,"395,14",
30-04-2020,00:00,29-04-2020,MORGAN STANLEY EUR LIQUIDITY FUND,LU1959429272,Fondos del mercado monetario cambio de precio (EUR),,EUR,"-0,00",EUR,"397,64",
29-04-2020,00:00,28-04-2020,MORGAN STANLEY EUR LIQUIDITY FUND,LU1959429272,Fondos del mercado monetario cambio de precio (EUR),,EUR,"-0,01",EUR,"397,65",
28-04-2020,00:00,27-04-2020,MORGAN STANLEY EUR LIQUIDITY FUND,LU1959429272,Fondos del mercado monetario cambio de precio (EUR),,EUR,"-0,00",EUR,"397,65",
27-04-2020,00:00,26-04-2020,MORGAN STANLEY EUR LIQUIDITY FUND,LU1959429272,Fondos del mercado monetario cambio de precio (EUR),,EUR,"-0,02",EUR,"397,66",
24-04-2020,00:00,23-04-2020,MORGAN STANLEY EUR LIQUIDITY FUND,LU1959429272,Fondos del mercado monetario cambio de precio (EUR),,EUR,"-0,01",EUR,"397,67",
23-04-2020,00:00,22-04-2020,MORGAN STANLEY EUR LIQUIDITY FUND,LU1959429272,Fondos del mercado monetario cambio de precio (EUR),,EUR,"-0,00",EUR,"397,68",
22-04-2020,00:00,21-04-2020,MORGAN STANLEY EUR LIQUIDITY FUND,LU1959429272,Fondos del mercado monetario cambio de precio (EUR),,EUR,"-0,01",EUR,"397,68",
21-04-2020,16:04,21-04-2020,MORGAN STANLEY EUR LIQUIDITY FUND,LU1959429272,"Conversión fondos del mercado monetario: Venta 0,000907 @ 9.942,5366 EUR",,,,EUR,"397,69",
21-04-2020,16:04,21-04-2020,MORGAN STANLEY EUR LIQUIDITY FUND,LU1959429272,"Conversión fondos del mercado monetario: Venta 0,11 @ 9.942,5366 EUR",,,,EUR,"388,68",
21-04-2020,00:00,20-04-2020,MORGAN STANLEY EUR LIQUIDITY FUND,LU1959429272,Fondos del mercado monetario cambio de precio (EUR),,EUR,"0,01",EUR,"388,68",
20-04-2020,15:31,20-04-2020,META PLATFORMS INC CLASS A,US30303M1027,Ingreso Cambio de Divisa,"1,0852",USD,"177,51",USD,"0,00",7dc1ece5-a71a-44f2-8c2c-80d392de20e5
20-04-2020,15:31,20-04-2020,META PLATFORMS INC CLASS A,US30303M1027,Retirada Cambio de Divisa,,EUR,"-163,57",EUR,"388,66",7dc1ece5-a71a-44f2-8c2c-80d392de20e5
20-04-2020,15:31,20-04-2020,META PLATFORMS INC CLASS A,US30303M1027,Costes de transacción y/o externos de DEGIRO,,EUR,"-0,50",EUR,"552,23",7dc1ece5-a71a-44f2-8c2c-80d392de20e5
20-04-2020,15:31,20-04-2020,META PLATFORMS INC CLASS A,US30303M1027,"Compra 1 Meta Platforms Inc Class A@177,51 USD (US30303M1027)",,USD,"-177,51",USD,"-177,51",7dc1ece5-a71a-44f2-8c2c-80d392de20e5
20-04-2020,15:30,20-04-2020,WALT DISNEY CO,US2546871060,Ingreso Cambio de Divisa,"1,0853",USD,"206,00",USD,"0,00",021a279b-7fee-4ff4-a6c0-2689d8091a6b
20-04-2020,15:30,20-04-2020,WALT DISNEY CO,US2546871060,Retirada Cambio de Divisa,,EUR,"-189,81",EUR,"552,73",021a279b-7fee-4ff4-a6c0-2689d8091a6b
20-04-2020,15:30,20-04-2020,WALT DISNEY CO,US2546871060,Costes de transacción y/o externos de DEGIRO,,EUR,"-0,50",EUR,"742,54",021a279b-7fee-4ff4-a6c0-2689d8091a6b
20-04-2020,15:30,20-04-2020,WALT DISNEY CO,US2546871060,Costes de transacción y/o externos de DEGIRO,,EUR,"-0,01",EUR,"743,04",021a279b-7fee-4ff4-a6c0-2689d8091a6b
20-04-2020,15:30,20-04-2020,WALT DISNEY CO,US2546871060,Compra 2 Walt Disney Co@103 USD (US2546871060),,USD,"-206,00",USD,"-206,00",021a279b-7fee-4ff4-a6c0-2689d8091a6b
20-04-2020,09:05,20-04-2020,ISHARES CORE S&P 500 UCITS ETF USD,IE0031442068,"Compra 7 iShares Core S&P 500 UCITS ETF USD (Dist)@26,247 EUR (IE0031442068)",,EUR,"-183,73",EUR,"743,05",db1b8d1e-e287-404b-a6b3-e09d19cc6d0d
20-04-2020,09:00,20-04-2020,INTERNATIONAL CONSOLIDATED AIRLINES,ES0177542018,Costes de transacción y/o externos de DEGIRO,,EUR,"-2,00",EUR,"926,78",d134d8d7-fc4d-4209-a6c8-ca745e8cbe3b
20-04-2020,09:00,20-04-2020,INTERNATIONAL CONSOLIDATED AIRLINES,ES0177542018,Costes de transacción y/o externos de DEGIRO,,EUR,"-0,03",EUR,"928,78",d134d8d7-fc4d-4209-a6c8-ca745e8cbe3b
20-04-2020,09:00,20-04-2020,CELLNEX TELECOM SA,ES0105066007,Costes de transacción y/o externos de DEGIRO,,EUR,"-2,00",EUR,"928,81",00434605-f2fb-491e-a85c-0ced27b59a7c
20-04-2020,09:00,20-04-2020,CELLNEX TELECOM SA,ES0105066007,Costes de transacción y/o externos de DEGIRO,,EUR,"-0,08",EUR,"930,81",00434605-f2fb-491e-a85c-0ced27b59a7c
20-04-2020,09:00,20-04-2020,INTERNATIONAL CONSOLIDATED AIRLINES,ES0177542018,"Compra 20 International Consolidated Airlines Group SA@2,766 EUR (ES0177542018)",,EUR,"-55,32",EUR,"930,89",d134d8d7-fc4d-4209-a6c8-ca745e8cbe3b
20-04-2020,09:00,20-04-2020,CELLNEX TELECOM SA,ES0105066007,"Compra 3 Cellnex Telecom SA@50,1 EUR (ES0105066007)",,EUR,"-150,30",EUR,"986,21",00434605-f2fb-491e-a85c-0ced27b59a7c
20-04-2020,09:00,20-04-2020,AIRBUS SE,NL0000235190,Costes de transacción y/o externos de DEGIRO,,EUR,"-2,00",EUR,"1136,51",6610bb22-b852-4cc0-8167-730073ad1962
20-04-2020,09:00,20-04-2020,AIRBUS SE,NL0000235190,Costes de transacción y/o externos de DEGIRO,,EUR,"-0,18",EUR,"1138,51",6610bb22-b852-4cc0-8167-730073ad1962
20-04-2020,09:00,20-04-2020,AIRBUS SE,NL0000235190,"Compra 6 Airbus SE@58,78 EUR (NL0000235190)",,EUR,"-352,68",EUR,"1138,69",6610bb22-b852-4cc0-8167-730073ad1962
20-04-2020,00:00,19-04-2020,MORGAN STANLEY EUR LIQUIDITY FUND,LU1959429272,Fondos del mercado monetario cambio de precio (EUR),,EUR,"-0,10",EUR,"1491,37",
17-04-2020,00:00,16-04-2020,MORGAN STANLEY EUR LIQUIDITY FUND,LU1959429272,Fondos del mercado monetario cambio de precio (EUR),,EUR,"-0,02",EUR,"1491,48",
16-04-2020,00:00,15-04-2020,MORGAN STANLEY EUR LIQUIDITY FUND,LU1959429272,Fondos del mercado monetario cambio de precio (EUR),,EUR,"0,01",EUR,"1491,50",
15-04-2020,17:10,15-04-2020,MORGAN STANLEY EUR LIQUIDITY FUND,LU1959429272,"Conversión fondos del mercado monetario: Compra 0,008024 @ 9.943,2451 EUR",,,,EUR,"1491,49",
15-04-2020,17:10,15-04-2020,MORGAN STANLEY EUR LIQUIDITY FUND,LU1959429272,"Conversión fondos del mercado monetario: Compra 0,11 @ 9.943,2451 EUR",,,,EUR,"1471,84",
15-04-2020,00:00,14-04-2020,MORGAN STANLEY EUR LIQUIDITY FUND,LU1959429272,Fondos del mercado monetario cambio de precio (EUR),,EUR,"-0,00",EUR,"1471,84",
14-04-2020,09:15,14-04-2020,,,Ingreso,,EUR,"1173,54",EUR,"1471,85",
14-04-2020,00:00,13-04-2020,MORGAN STANLEY EUR LIQUIDITY FUND,LU1959429272,Fondos del mercado monetario cambio de precio (EUR),,EUR,"-0,02",EUR,"298,31",
09-04-2020,00:00,08-04-2020,MORGAN STANLEY EUR LIQUIDITY FUND,LU1959429272,Fondos del mercado monetario cambio de precio (EUR),,EUR,"-0,01",EUR,"298,33",
08-04-2020,16:27,08-04-2020,MORGAN STANLEY EUR LIQUIDITY FUND,LU1959429272,"Conversión fondos del mercado monetario: Compra 0,000111 @ 9.944,3666 EUR",,,,EUR,"298,34",
08-04-2020,16:27,08-04-2020,MORGAN STANLEY EUR LIQUIDITY FUND,LU1959429272,"Conversión fondos del mercado monetario: Compra 0,02 @ 9.944,3666 EUR",,,,EUR,"299,44",
08-04-2020,00:00,07-04-2020,MORGAN STANLEY EUR LIQUIDITY FUND,LU1959429272,Fondos del mercado monetario cambio de precio (EUR),,EUR,"-0,00",EUR,"299,44",
07-04-2020,09:23,07-04-2020,,,Ingreso,,EUR,"200,00",EUR,"299,44",
07-04-2020,00:00,06-04-2020,MORGAN STANLEY EUR LIQUIDITY FUND,LU1959429272,Fondos del mercado monetario cambio de precio (EUR),,EUR,"-0,00",EUR,"99,44",
06-04-2020,00:00,05-04-2020,MORGAN STANLEY EUR LIQUIDITY FUND,LU1959429272,Fondos del mercado monetario cambio de precio (EUR),,EUR,"-0,00",EUR,"99,45",
03-04-2020,00:00,02-04-2020,MORGAN STANLEY EUR LIQUIDITY FUND,LU1959429272,Fondos del mercado monetario cambio de precio (EUR),,EUR,"-0,00",EUR,"99,45",
02-04-2020,00:00,01-04-2020,MORGAN STANLEY EUR LIQUIDITY FUND,LU1959429272,Fondos del mercado monetario cambio de precio (EUR),,EUR,"-0,00",EUR,"99,45",
01-04-2020,00:00,31-03-2020,MORGAN STANLEY EUR LIQUIDITY FUND,LU1959429272,Fondos del mercado monetario cambio de precio (EUR),,EUR,"-0,00",EUR,"99,45",
31-03-2020,17:40,31-03-2020,MORGAN STANLEY EUR LIQUIDITY FUND,LU1959429272,"Conversión fondos del mercado monetario: Venta 0,007185 @ 9.945,6571 EUR",,,,EUR,"99,45",
31-03-2020,17:40,31-03-2020,MORGAN STANLEY EUR LIQUIDITY FUND,LU1959429272,"Conversión fondos del mercado monetario: Venta 0,01 @ 9.945,6571 EUR",,,,EUR,"127,45",
31-03-2020,00:00,30-03-2020,MORGAN STANLEY EUR LIQUIDITY FUND,LU1959429272,Fondos del mercado monetario cambio de precio (EUR),,EUR,"-0,00",EUR,"127,45",
30-03-2020,12:25,30-03-2020,MASMOVIL IBERCOM S.A.,ES0184696104,Costes de transacción y/o externos de DEGIRO,,EUR,"-2,00",EUR,"127,45",ed9fddb7-4463-499c-b857-0755e39f1cfd
30-03-2020,12:25,30-03-2020,MASMOVIL IBERCOM S.A.,ES0184696104,Costes de transacción y/o externos de DEGIRO,,EUR,"-0,08",EUR,"129,45",ed9fddb7-4463-499c-b857-0755e39f1cfd
30-03-2020,12:25,30-03-2020,MASMOVIL IBERCOM S.A.,ES0184696104,"Compra 12 MASMOVIL IBERCOM S.A.@14,07 EUR (ES0184696104)",,EUR,"-168,84",EUR,"129,53",ed9fddb7-4463-499c-b857-0755e39f1cfd
30-03-2020,00:00,29-03-2020,MORGAN STANLEY EUR LIQUIDITY FUND,LU1959429272,Fondos del mercado monetario cambio de precio (EUR),,EUR,"-0,01",EUR,"298,37",
27-03-2020,00:00,26-03-2020,MORGAN STANLEY EUR LIQUIDITY FUND,LU1959429272,Fondos del mercado monetario cambio de precio (EUR),,EUR,"-0,01",EUR,"298,39",
26-03-2020,00:00,25-03-2020,MORGAN STANLEY EUR LIQUIDITY FUND,LU1959429272,Fondos del mercado monetario cambio de precio (EUR),,EUR,"-0,01",EUR,"298,40",
25-03-2020,00:00,24-03-2020,MORGAN STANLEY EUR LIQUIDITY FUND,LU1959429272,Fondos del mercado monetario cambio de precio (EUR),,EUR,"-0,01",EUR,"298,41",
24-03-2020,00:00,23-03-2020,MORGAN STANLEY EUR LIQUIDITY FUND,LU1959429272,Fondos del mercado monetario cambio de precio (EUR),,EUR,"-0,02",EUR,"298,42",
23-03-2020,00:00,22-03-2020,MORGAN STANLEY EUR LIQUIDITY FUND,LU1959429272,Fondos del mercado monetario cambio de precio (EUR),,EUR,"-0,02",EUR,"298,45",
20-03-2020,00:00,19-03-2020,MORGAN STANLEY EUR LIQUIDITY FUND,LU1959429272,Fondos del mercado monetario cambio de precio (EUR),,EUR,"-0,01",EUR,"298,46",
19-03-2020,16:37,19-03-2020,MORGAN STANLEY EUR LIQUIDITY FUND,LU1959429272,"Conversión fondos del mercado monetario: Compra 0,000001 @ 9.949,1396 EUR",,,,EUR,"298,48",
19-03-2020,00:00,18-03-2020,MORGAN STANLEY EUR LIQUIDITY FUND,LU1959429272,Fondos del mercado monetario cambio de precio (EUR),,EUR,"-0,01",EUR,"298,49",
18-03-2020,16:18,18-03-2020,MORGAN STANLEY EUR LIQUIDITY FUND,LU1959429272,"Conversión fondos del mercado monetario: Compra 0,000051 @ 9.949,5334 EUR",,,,EUR,"298,50",
18-03-2020,16:18,18-03-2020,MORGAN STANLEY EUR LIQUIDITY FUND,LU1959429272,"Conversión fondos del mercado monetario: Compra 0,03 @ 9.949,5334 EUR",,,,EUR,"299,00",
18-03-2020,00:00,17-03-2020,MORGAN STANLEY EUR LIQUIDITY FUND,LU1959429272,Fondos del mercado monetario cambio de precio (EUR),,EUR,"0,00",EUR,"299,00",
17-03-2020,00:55,17-03-2020,,,Comisión por transferencia Trustly/Sofort,,EUR,"-1,00",EUR,"299,00",
17-03-2020,00:55,17-03-2020,,,Ingreso Sofort/Trustly,,EUR,"300,00",EUR,"300,00",
04-03-2020,17:24,04-03-2020,MORGAN STANLEY EUR LIQUIDITY FUND,LU1959429272,"Conversión fondos del mercado monetario: Compra 0,000858 @ 9.952,1705 EUR",,,,EUR,"0,00",
03-03-2020,16:24,03-03-2020,MASMOVIL IBERCOM S.A.,ES0184696104,Costes de transacción y/o externos de DEGIRO,,EUR,"-2,00",EUR,"8,54",4c45aa8a-13aa-49b1-8952-c11b1bf7f05e
03-03-2020,16:24,03-03-2020,MASMOVIL IBERCOM S.A.,ES0184696104,Costes de transacción y/o externos de DEGIRO,,EUR,"-0,02",EUR,"10,54",4c45aa8a-13aa-49b1-8952-c11b1bf7f05e
03-03-2020,16:24,03-03-2020,MASMOVIL IBERCOM S.A.,ES0184696104,"Compra 2 MASMOVIL IBERCOM S.A.@19,22 EUR (ES0184696104)",,EUR,"-38,44",EUR,"10,56",4c45aa8a-13aa-49b1-8952-c11b1bf7f05e
03-03-2020,00:32,03-03-2020,,,Comisión por transferencia Trustly/Sofort,,EUR,"-1,00",EUR,"49,00",
03-03-2020,00:32,03-03-2020,,,Ingreso Sofort/Trustly,,EUR,"50,00",EUR,"50,00",
03-01-2020,16:07,03-01-2020,MORGAN STANLEY EUR LIQUIDITY FUND,LU1959429272,"Conversión fondos del mercado monetario: Compra 0,0001 @ 9.960,774 EUR",,,,EUR,"0,00",
28-12-2019,09:49,28-12-2019,,,Ingreso Sofort/Trustly,,EUR,"1,00",EUR,"1,00",
