fecha,broker,tipo_operacion,tipo_activo,ticker,isin,cantidad,precio_unitario,moneda_original,importe_bruto,importe_eur,tipo_cambio,comisiones_eur,importe_neto_eur,notas
2020-03-03,Degiro,BUY,Stock,MAS,ES0184696104,2.0,19.22,EUR,38.44,40.46,,2.02,-40.46,
2020-03-30,Degiro,BUY,Stock,MAS,ES0184696104,12.0,14.07,EUR,168.84,170.92,,2.08,-170.92,
2020-04-20,Degiro,BUY,Stock,META,US30303M1027,1.0,177.51,USD,177.51,163.91,1.0863,0.66,-163.91,
2020-04-20,Degiro,BUY,Stock,DIS,US2546871060,2.0,103.0,USD,206.0,190.13,1.0864,0.7,-190.13,
2020-04-20,Degiro,BUY,ETF,CSPX,IE0031442068,7.0,26.247,EUR,183.73,183.73,,0.0,-183.73,
2020-04-20,Degiro,BUY,Stock,IAG,ES0177542018,20.0,2.766,EUR,55.32,57.35,,2.03,-57.35,
2020-04-20,Degiro,BUY,Stock,CLNX,ES0105066007,3.0,50.1,EUR,150.3,152.38,,2.08,-152.38,
2020-04-20,Degiro,BUY,Stock,AIR,NL0000235190,6.0,58.78,EUR,352.68,354.86,,2.18,-354.86,
2020-05-07,Degiro,BUY,Stock,PINS,US72352L1061,5.0,18.44,USD,92.2,86.14,1.0768,0.61,-86.14,
2020-05-12,Degiro,BUY,Stock,UBER,US90353T1007,3.0,32.7,USD,98.1,90.88,1.0855,0.6,-90.88,
2020-05-13,Degiro,BUY,ETF,CSPX,IE0031442068,3.0,26.25,EUR,78.75,78.75,,0.0,-78.75,
2020-05-19,Kraken,BUY,Crypto,BTC,,0.0282,8794.33,EUR,248.0,248.0,,0,-248.0,Kraken UI screenshot
2020-06-29,Degiro,BUY,Stock,BYND,US08862E1091,2.0,128.12,USD,256.24,228.4,1.1244,0.74,-228.4,
2020-09-02,Degiro,BUY,Stock,AAPL,US0378331005,2.0,129.82,USD,259.64,219.93,1.1833,0.73,-219.93,
2020-09-25,Degiro,BUY,Stock,IAG,ES0177542018,30.0,0.92,EUR,27.6,27.6,,0.0,-27.6,
2020-10-07,Degiro,SELL,Stock,IAG,ES0177542018,30.0,0.92,EUR,27.6,27.6,,0.0,27.6,
2020-10-07,Degiro,BUY,Stock,IAG,ES0177542018,30.0,0.92,EUR,27.6,27.6,,0.0,-27.6,
2021-01-28,Degiro,SELL,Stock,MAS,ES0184696104,14.0,22.5,EUR,315.0,315.0,,0.0,315.0,OPA Masmovil
2021-05-04,Degiro,BUY,Stock,TWTR,US90184L1026,5.0,53.73,USD,268.65,223.95,1.2024,0.74,-223.95,
2021-05-19,Kraken,BUY,Crypto,BTC,,0.00779,32092.43,EUR,250.0,250.0,,0,-250.0,Kraken UI screenshot
2021-05-19,Kraken,BUY,Crypto,ETH,,0.11117,2248.81,EUR,250.0,250.0,,0,-250.0,Kraken UI screenshot
2021-12-03,Kraken,BUY,Crypto,SOL,,0.9389,213.02,EUR,200.0,200.0,,0,-200.0,Kraken UI screenshot
2022-01-24,Degiro,SELL,Stock,UBER,US90353T1007,3.0,34.2815,USD,102.84,90.29,1.1328,0.73,89.56,
2022-01-24,Trading212,BUY,Stock,BABA,US01609W1027,1.454166,102.9937,EUR,149.77,149.77,,0.22,-149.99,
2022-01-24,Trading212,BUY,Stock,SHOP,CA82509L1076,2.119315,70.6737,EUR,149.78,149.78,,0.22,-150.0,Pre-split (ajustado x10)
2022-01-25,Kraken,BUY,Crypto,BTC,,0.00606,32419.14,EUR,196.46,196.46,,0,-196.46,Kraken UI screenshot
2022-01-25,Kraken,BUY,Crypto,BTC,,0.00012,31916.67,EUR,3.83,3.83,,0,-3.83,Kraken UI screenshot
2022-01-25,Kraken,BUY,Crypto,ETH,,0.13909,2162.27,EUR,300.75,300.75,,0,-300.75,Kraken UI screenshot
2022-01-25,Kraken,BUY,Crypto,SOL,,1.19878,82.54,EUR,98.95,98.95,,0,-98.95,Kraken UI screenshot
2022-02-25,Trading212,BUY,Stock,SHOP,CA82509L1076,3.305386,60.4195,EUR,199.71,199.71,,0.3,-200.01,Pre-split (ajustado x10)
2022-03-09,Trading212,BUY,Stock,SQ,US8522341036,0.617096,101.135,EUR,62.41,62.41,,0.09,-62.5,
2022-03-09,Trading212,BUY,Stock,MELI,US58733R1023,0.069679,895.6773,EUR,62.41,62.41,,0.09,-62.5,
2022-03-09,Trading212,BUY,Stock,META,US30303M1027,0.347397,179.6501,EUR,62.41,62.41,,0.09,-62.5,
2022-03-09,Trading212,BUY,Stock,TCEHY,US88032Q1094,1.368878,45.592,EUR,62.41,62.41,,0.09,-62.5,
2022-04-07,Trading212,BUY,Stock,SQ,US8522341036,0.55298,112.8609,EUR,62.41,62.41,,0.09,-62.5,
2022-04-07,Trading212,BUY,Stock,MELI,US58733R1023,0.058253,1071.357,EUR,62.41,62.41,,0.09,-62.5,
2022-04-07,Trading212,BUY,Stock,META,US30303M1027,0.308277,202.4477,EUR,62.41,62.41,,0.09,-62.5,
2022-04-07,Trading212,BUY,Stock,TCEHY,US88032Q1094,1.450717,43.02,EUR,62.41,62.41,,0.09,-62.5,
2022-04-29,Trading212,BUY,Stock,BABA,US01609W1027,0.526178,94.8727,EUR,49.92,49.92,,0.07,-49.99,
2022-04-29,Trading212,BUY,Stock,TCEHY,US88032Q1094,1.114632,44.7949,EUR,49.93,49.93,,0.07,-50.0,
2022-06-10,Trading212,BUY,Stock,MELI,US58733R1023,0.151542,658.9589,EUR,99.86,99.86,,0.15,-100.01,
2022-06-21,Trading212,BUY,Stock,BABA,US01609W1027,1.992254,100.2381,EUR,199.7,199.7,,0.3,-200.0,
2022-06-22,Trading212,DIVIDEND,Stock,TCEHY,,3.934227,0,USD,0.76,0.76,,0,0.76,Dividendo
2022-11-02,Degiro,SELL,Stock,TWTR,US90184L1026,5.0,54.2,USD,271.0,278.75,0.9722,0.0,278.75,OPA Twitter
2023-02-02,Kraken,BUY,Crypto,BTC,,0.00684,21929.82,EUR,150.0,150.0,,0,-150.0,Kraken UI screenshot
2023-02-02,Kraken,BUY,Crypto,ETH,,0.09767,1535.78,EUR,150.0,150.0,,0,-150.0,Kraken UI screenshot
2023-04-12,Trading212,DIVIDEND,Stock,TCEHY,,3.934227,0,USD,6.09,6.09,,0,6.09,Dividendo
2023-04-23,Kraken,BUY,Crypto,BTC,,0.00777,25740.03,EUR,200.0,200.0,,0,-200.0,Kraken UI screenshot
2023-06-21,Trading212,DIVIDEND,Stock,TCEHY,,3.934227,0,USD,1.1,1.1,,0,1.1,Dividendo
2024-01-16,Trading212,BUY,Stock,PLTR,US69608A1088,32.751651,16.59,USD,543.35,543.35,,0,-543.35,
2024-01-17,Trading212,BUY,Stock,BA,US0970231058,3.298344,202.48,USD,667.85,667.85,,0,-667.85,
2024-01-18,Trading212,DIVIDEND,Stock,BABA,,3.972598,0,USD,3.65,3.65,,0,3.65,Dividendo
2024-02-16,Degiro,SELL,Stock,DIS,US2546871060,2.0,112.11,USD,224.22,206.56,1.0751,2.52,204.04,
2024-03-26,Trading212,DIVIDEND,Stock,META,,0.655674,0,USD,0.26,0.26,,0,0.26,Dividendo
2024-04-22,Trading212,SELL,Stock,PLTR,,32.751651,20.72,USD,678.61,638.53,1.0628,0,638.53,
2024-06-17,Trading212,DIVIDEND,Stock,TCEHY,,3.934227,0,USD,1.6,1.6,,0,1.6,Dividendo
2024-06-26,Trading212,DIVIDEND,Stock,META,,0.655674,0,USD,0.26,0.26,,0,0.26,Dividendo
2024-07-12,Trading212,DIVIDEND,Stock,BABA,,3.972598,0,USD,3.65,3.65,,0,3.65,Dividendo
2024-07-12,Trading212,DIVIDEND,Stock,BABA,,3.972598,0,USD,2.41,2.41,,0,2.41,Dividendo
2024-08-12,Trading212,BUY,Stock,NU,KYG6683N1034,53.818329,12.57,USD,676.5,676.5,,0,-676.5,
2024-09-26,Trading212,SELL,Stock,SQ,,1.170076,65.79,USD,76.98,69.02,1.1153,0,69.02,
2024-09-26,Trading212,SELL,Stock,BABA,,3.972598,102.88,USD,408.7,366.31,1.1157,0,366.31,
2024-09-26,Trading212,SELL,Stock,NU,,2.159039,14.78,USD,31.91,28.6,1.1156,0,28.6,
2024-09-26,Trading212,SELL,Stock,SHOP,,3.387701,80.81,USD,273.76,245.39,1.1156,0,245.39,
2024-09-26,Trading212,SELL,Stock,NU,,12.844,14.82,USD,190.35,170.62,1.1156,0,170.62,
2024-09-26,Trading212,SELL,Stock,NU,,101.9,14.84,USD,1512.2,1355.49,1.1156,0,1355.49,
2024-09-26,Trading212,SELL,Stock,BA,,3.298344,154.0,USD,507.94,455.32,1.1156,0,455.32,
2024-09-26,Trading212,SELL,Stock,MELI,,0.279474,2144.0,USD,599.19,537.11,1.1156,0,537.11,
2024-09-26,Trading212,SELL,Stock,META,,0.655674,575.0,USD,377.01,337.95,1.1156,0,337.95,
2024-09-26,Trading212,SELL,Stock,SHOP,,2.037,80.55,USD,164.08,147.08,1.1156,0,147.08,
2024-09-26,Trading212,SELL,Stock,TCEHY,,3.934227,55.0,USD,216.38,193.96,1.1156,0,193.96,
2024-09-26,Trading212,DIVIDEND,Stock,META,,0.655674,0,USD,0.26,0.26,,0,0.26,Dividendo
2025-03-13,Fintual,BUY,Stock,NU,,54.66171674,10.9766,USD,600.0,551.15,1.0886,0,-551.15,
2025-03-13,Fintual,BUY,Stock,AMZN,,3.22240996,195.4841,USD,629.93,578.65,1.0886,0,-578.65,
2025-04-03,Degiro,BUY,ETF,CSPX,IE0031442068,3.0,48.855,EUR,146.56,149.56,,3.0,-149.56,
2025-04-03,Fintual,BUY,ETF,SPY,,0.46105386,542.236,USD,250.0,229.17,1.0909,0,-229.17,
2025-04-03,Fintual,BUY,Stock,AMZN,,2.77589167,180.1223,USD,500.0,458.35,1.0909,0,-458.35,
2025-04-10,Fintual,BUY,Stock,NU,,24.20645249,10.3278,USD,250.0,228.27,1.0952,0,-228.27,
2025-06-04,Fintual,BUY,ETF,IEV,,20.5447679,63.55,USD,1305.62,1146.84,1.1384,0,-1146.84,
2025-06-19,Fintual,DIVIDEND,ETF,IEV,,0,0,USD,20.75,18.08,1.1477,0,18.08,Dividendo
2025-07-30,Fintual,DIVIDEND,ETF,SPY,,0,0,USD,0.73,0.63,1.1551,0,0.63,Dividendo
2025-10-27,Fintual,BUY,ETF,ARGT,,15.99013605,88.2,USD,1410.33,1212.49,1.1632,0,-1212.49,
2025-10-30,Fintual,DIVIDEND,ETF,SPY,,0,0,USD,0.76,0.65,1.1603,0,0.65,Dividendo
2025-12-17,Fintual,BUY,Stock,NU,,12.5814603,15.8964,USD,200.0,170.22,1.175,0,-170.22,
2025-12-18,Fintual,DIVIDEND,ETF,IEV,,0,0,USD,13.9,11.84,1.1742,0,11.84,Dividendo
2025-12-19,Degiro,SELL,Stock,AAPL,US0378331005,2.0,272.4,USD,544.8,462.37,1.1732,3.16,459.21,
2025-12-19,Degiro,SELL,Stock,META,US30303M1027,1.0,667.26,USD,667.26,566.76,1.1732,3.42,563.34,
2025-12-19,Degiro,SELL,Stock,BYND,US08862E1091,2.0,1.04,USD,2.08,0.23,1.1732,2.0,-1.77,
2025-12-19,Degiro,SELL,Stock,PINS,US72352L1061,5.0,26.11,USD,130.55,109.28,1.1732,2.28,107.0,
2025-12-19,Degiro,SELL,Stock,CLNX,ES0105066007,3.0,26.62,EUR,79.86,77.86,,2.0,75.86,
2025-12-19,Degiro,SELL,Stock,IAG,ES0177542018,50.0,4.761,EUR,238.05,236.05,,2.0,234.05,
2025-12-19,Degiro,SELL,ETF,CSPX,IE0031442068,13.0,57.677,EUR,749.8,746.8,,3.0,743.8,
2025-12-19,Degiro,SELL,Stock,AIR,NL0000235190,6.0,194.48,EUR,1166.88,1164.88,,2.0,1162.88,
2026-01-02,Fintual,BUY,Stock,AAPL,,4.56405073,272.05,USD,1241.65,1056.68,1.175,0,-1056.68,
2026-01-06,Fintual,DIVIDEND,ETF,ARGT,,0,0,USD,10.09,8.61,1.1715,0,8.61,Dividendo
2026-01-20,IBKR,BUY,Stock,CSU,CA21037X1006,0.1506,2748.86,CAD,413.98,256.36,0.619266,0.62,-256.98,
2026-01-20,IBKR,BUY,Stock,URA,US37954Y8710,5.0,55.11,USD,275.55,236.74,1.1639,0.86,-237.6,
2026-01-20,IBKR,BUY,Stock,URA,US37954Y8710,5.0,55.11,USD,275.55,236.74,1.1639,0.0,-236.74,
2026-01-22,IBKR,BUY,Stock,CSU,CA21037X1006,0.2037,2708.89,CAD,551.8,341.48,0.618845,0.62,-342.1,
2026-01-26,IBKR,BUY,Stock,CSU,CA21037X1006,0.215,2790.0,CAD,599.85,369.18,0.615448,0.62,-369.79,
2026-01-27,IBKR,BUY,Stock,CSU,CA21037X1006,0.1465,2730.1,CAD,399.96,245.6,0.614061,0.61,-246.21,
2026-01-28,IBKR,BUY,Stock,CSU,CA21037X1006,0.1381,2678.9,CAD,369.96,226.5,0.612228,0.61,-227.11,
2026-01-28,IBKR,BUY,Stock,CSU,CA21037X1006,0.058,2581.87,CAD,149.75,91.68,0.612228,0.46,-92.14,
2026-01-28,IBKR,BUY,Stock,LTRX,US5165482036,2.0,8.125,USD,16.25,13.52,1.2018,0.14,-13.66,
2026-01-28,IBKR,BUY,Stock,LTRX,US5165482036,35.0,8.1,USD,283.5,235.9,1.2018,0.7,-236.6,
2026-01-28,IBKR,BUY,Stock,LTRX,US5165482036,0.0306,7.96,USD,0.24,0.2,1.2018,0.0,-0.2,
2026-01-28,IBKR,BUY,Stock,LTRX,US5165482036,0.0008,7.99,USD,0.01,0.01,1.2018,0.0,-0.01,
2026-01-29,IBKR,BUY,Stock,CSU,CA21037X1006,0.0791,2528.0,CAD,199.96,123.32,0.616698,0.62,-123.93,
2026-01-29,IBKR,SELL,Stock,LTRX,US5165482036,37.0,7.035,USD,260.3,217.32,1.1978,0.84,216.47,
2026-01-29,IBKR,SELL,Stock,LTRX,US5165482036,0.0314,7.03,USD,0.22,0.18,1.1978,0.0,0.18,
2026-01-29,Fintual,DIVIDEND,ETF,SPY,,0,0,USD,0.83,0.69,1.1978,0,0.69,Dividendo
2026-02-02,IBKR,BUY,Stock,URA,US37954Y8710,1.0,53.85,USD,53.85,45.45,1.1849,0.45,-45.9,
2026-02-02,IBKR,BUY,Stock,URA,US37954Y8710,0.8571,53.84,USD,46.15,38.94,1.1849,0.39,-39.33,
2026-02-03,IBKR,BUY,Stock,CSU,CA21037X1006,0.0606,2474.89,CAD,149.98,92.96,0.61984,0.46,-93.43,
2026-02-03,IBKR,BUY,Stock,CSU,CA21037X1006,0.1777,2250.0,CAD,399.82,247.83,0.61984,0.62,-248.45,
2026-02-04,IBKR,BUY,Stock,URA,US37954Y8710,1.0,52.3493,USD,52.35,44.3,1.1816,0.44,-44.75,
2026-02-04,IBKR,BUY,Stock,URA,US37954Y8710,1.0,52.345,USD,52.34,44.3,1.1816,0.4,-44.7,
2026-02-04,IBKR,BUY,Stock,URA,US37954Y8710,0.8654,52.34,USD,45.3,38.33,1.1816,0.0,-38.33,
2026-02-04,IBKR,BUY,Stock,URA,US37954Y8710,0.0002,52.35,USD,0.01,0.01,1.1816,0.0,-0.01,
2026-02-06,IBKR,BUY,Stock,AMZN,US0231351067,0.2197,204.96,USD,45.03,38.23,1.1778,0.38,-38.61,
2026-02-06,IBKR,BUY,Stock,AMZN,US0231351067,1.0,204.95,USD,204.95,174.01,1.1778,0.47,-174.48,
2026-02-10,IBKR,BUY,Stock,CSU,CA21037X1006,0.1226,2445.53,CAD,299.82,185.71,0.619405,0.62,-186.33,
2026-02-11,IBKR,BUY,Stock,CSU,CA21037X1006,0.0877,2280.0,CAD,199.96,124.1,0.620624,0.62,-124.72,
2026-02-11,IBKR,BUY,Stock,AMZN,US0231351067,0.9799,204.089,USD,199.99,168.2,1.189,0.84,-169.04,
2026-02-11,Fintual,DIVIDEND,Stock,AAPL,,0,0,USD,1.08,0.91,1.189,0,0.91,Dividendo
